[
  {
    "model": "admin.logentry",
    "pk": 1,
    "fields": {
      "action_time": "2021-09-19T21:34:10.720Z",
      "user": 1,
      "content_type": 7,
      "object_id": "2",
      "object_repr": "jorgeajrhh@gmail.com - otro",
      "action_flag": 1,
      "change_message": "[{\"added\": {}}]"
    }
  },
  {
    "model": "admin.logentry",
    "pk": 2,
    "fields": {
      "action_time": "2021-09-19T21:34:18.481Z",
      "user": 1,
      "content_type": 7,
      "object_id": "2",
      "object_repr": "jorgeajrhh@gmail.com - otro",
      "action_flag": 2,
      "change_message": "[{\"changed\": {\"fields\": [\"Is staff\", \"Is active\"]}}]"
    }
  },
  {
    "model": "admin.logentry",
    "pk": 3,
    "fields": {
      "action_time": "2021-09-19T21:34:25.143Z",
      "user": 1,
      "content_type": 7,
      "object_id": "2",
      "object_repr": "jorgeajrhh@gmail.com - otro",
      "action_flag": 2,
      "change_message": "[{\"changed\": {\"fields\": [\"Is admin\", \"Is superuser\"]}}]"
    }
  },
  {
    "model": "admin.logentry",
    "pk": 4,
    "fields": {
      "action_time": "2021-09-19T21:34:32.753Z",
      "user": 1,
      "content_type": 7,
      "object_id": "2",
      "object_repr": "jorgeajrhh@gmail.com - otro",
      "action_flag": 2,
      "change_message": "[{\"changed\": {\"fields\": [\"Password\"]}}]"
    }
  },
  {
    "model": "admin.logentry",
    "pk": 5,
    "fields": {
      "action_time": "2021-09-19T23:06:21.136Z",
      "user": 1,
      "content_type": 6,
      "object_id": "1",
      "object_repr": "Anonymus",
      "action_flag": 1,
      "change_message": "[{\"added\": {}}]"
    }
  },
  {
    "model": "admin.logentry",
    "pk": 6,
    "fields": {
      "action_time": "2021-09-19T23:09:34.930Z",
      "user": 1,
      "content_type": 6,
      "object_id": "2",
      "object_repr": "girls",
      "action_flag": 1,
      "change_message": "[{\"added\": {}}]"
    }
  },
  {
    "model": "admin.logentry",
    "pk": 7,
    "fields": {
      "action_time": "2021-09-19T23:28:33.728Z",
      "user": 1,
      "content_type": 8,
      "object_id": "1",
      "object_repr": "Mask",
      "action_flag": 1,
      "change_message": "[{\"added\": {}}]"
    }
  },
  {
    "model": "admin.logentry",
    "pk": 8,
    "fields": {
      "action_time": "2021-09-21T14:39:46.833Z",
      "user": 1,
      "content_type": 6,
      "object_id": "3",
      "object_repr": "Invierno/hombres",
      "action_flag": 1,
      "change_message": "[{\"added\": {}}]"
    }
  },
  {
    "model": "admin.logentry",
    "pk": 9,
    "fields": {
      "action_time": "2021-09-21T14:39:51.179Z",
      "user": 1,
      "content_type": 8,
      "object_id": "2",
      "object_repr": "Ropa",
      "action_flag": 1,
      "change_message": "[{\"added\": {}}]"
    }
  },
  {
    "model": "admin.logentry",
    "pk": 10,
    "fields": {
      "action_time": "2021-09-21T14:40:38.909Z",
      "user": 1,
      "content_type": 8,
      "object_id": "2",
      "object_repr": "Chumpa",
      "action_flag": 2,
      "change_message": "[{\"changed\": {\"fields\": [\"Product name\", \"Slug\", \"Images\"]}}]"
    }
  },
  {
    "model": "admin.logentry",
    "pk": 11,
    "fields": {
      "action_time": "2021-09-21T14:41:43.115Z",
      "user": 1,
      "content_type": 6,
      "object_id": "4",
      "object_repr": "Ropa Verano Hombres",
      "action_flag": 1,
      "change_message": "[{\"added\": {}}]"
    }
  },
  {
    "model": "admin.logentry",
    "pk": 12,
    "fields": {
      "action_time": "2021-09-21T14:42:04.012Z",
      "user": 1,
      "content_type": 8,
      "object_id": "3",
      "object_repr": "Camisa Polo",
      "action_flag": 1,
      "change_message": "[{\"added\": {}}]"
    }
  },
  {
    "model": "admin.logentry",
    "pk": 13,
    "fields": {
      "action_time": "2021-09-21T14:43:12.973Z",
      "user": 1,
      "content_type": 6,
      "object_id": "5",
      "object_repr": "Relojes",
      "action_flag": 1,
      "change_message": "[{\"added\": {}}]"
    }
  },
  {
    "model": "admin.logentry",
    "pk": 14,
    "fields": {
      "action_time": "2021-09-21T14:43:15.997Z",
      "user": 1,
      "content_type": 8,
      "object_id": "4",
      "object_repr": "Apple Watch",
      "action_flag": 1,
      "change_message": "[{\"added\": {}}]"
    }
  },
  {
    "model": "admin.logentry",
    "pk": 15,
    "fields": {
      "action_time": "2021-09-21T14:44:34.840Z",
      "user": 1,
      "content_type": 6,
      "object_id": "6",
      "object_repr": "Tablets",
      "action_flag": 1,
      "change_message": "[{\"added\": {}}]"
    }
  },
  {
    "model": "admin.logentry",
    "pk": 16,
    "fields": {
      "action_time": "2021-09-21T14:44:40.204Z",
      "user": 1,
      "content_type": 8,
      "object_id": "5",
      "object_repr": "Ipad Pro",
      "action_flag": 1,
      "change_message": "[{\"added\": {}}]"
    }
  },
  {
    "model": "admin.logentry",
    "pk": 17,
    "fields": {
      "action_time": "2021-09-21T14:45:43.206Z",
      "user": 1,
      "content_type": 6,
      "object_id": "7",
      "object_repr": "PC",
      "action_flag": 1,
      "change_message": "[{\"added\": {}}]"
    }
  },
  {
    "model": "admin.logentry",
    "pk": 18,
    "fields": {
      "action_time": "2021-09-21T14:45:48.281Z",
      "user": 1,
      "content_type": 8,
      "object_id": "6",
      "object_repr": "Mac Book",
      "action_flag": 1,
      "change_message": "[{\"added\": {}}]"
    }
  },
  {
    "model": "admin.logentry",
    "pk": 19,
    "fields": {
      "action_time": "2021-09-22T01:28:27.044Z",
      "user": 1,
      "content_type": 6,
      "object_id": "8",
      "object_repr": "Hombres",
      "action_flag": 1,
      "change_message": "[{\"added\": {}}]"
    }
  },
  {
    "model": "admin.logentry",
    "pk": 20,
    "fields": {
      "action_time": "2021-09-22T01:28:58.083Z",
      "user": 1,
      "content_type": 8,
      "object_id": "7",
      "object_repr": "Camisa",
      "action_flag": 1,
      "change_message": "[{\"added\": {}}]"
    }
  },
  {
    "model": "admin.logentry",
    "pk": 21,
    "fields": {
      "action_time": "2021-09-22T01:29:15.255Z",
      "user": 1,
      "content_type": 8,
      "object_id": "7",
      "object_repr": "Camisa",
      "action_flag": 2,
      "change_message": "[{\"changed\": {\"fields\": [\"Price\"]}}]"
    }
  },
  {
    "model": "admin.logentry",
    "pk": 22,
    "fields": {
      "action_time": "2021-09-22T01:30:11.760Z",
      "user": 1,
      "content_type": 8,
      "object_id": "8",
      "object_repr": "Chapulines",
      "action_flag": 1,
      "change_message": "[{\"added\": {}}]"
    }
  },
  {
    "model": "admin.logentry",
    "pk": 23,
    "fields": {
      "action_time": "2021-09-22T01:45:23.562Z",
      "user": 1,
      "content_type": 8,
      "object_id": "9",
      "object_repr": "Mochila",
      "action_flag": 1,
      "change_message": "[{\"added\": {}}]"
    }
  },
  {
    "model": "admin.logentry",
    "pk": 24,
    "fields": {
      "action_time": "2021-09-22T01:46:11.889Z",
      "user": 1,
      "content_type": 8,
      "object_id": "10",
      "object_repr": "Pantalones Cortos",
      "action_flag": 1,
      "change_message": "[{\"added\": {}}]"
    }
  },
  {
    "model": "admin.logentry",
    "pk": 25,
    "fields": {
      "action_time": "2021-09-22T01:46:25.997Z",
      "user": 1,
      "content_type": 8,
      "object_id": "10",
      "object_repr": "Pantalones Cortos",
      "action_flag": 2,
      "change_message": "[{\"changed\": {\"fields\": [\"Price\"]}}]"
    }
  },
  {
    "model": "admin.logentry",
    "pk": 26,
    "fields": {
      "action_time": "2021-09-22T01:47:18.259Z",
      "user": 1,
      "content_type": 6,
      "object_id": "7",
      "object_repr": "computadores Personales",
      "action_flag": 2,
      "change_message": "[{\"changed\": {\"fields\": [\"Category name\", \"Slug\"]}}]"
    }
  },
  {
    "model": "admin.logentry",
    "pk": 27,
    "fields": {
      "action_time": "2021-09-22T21:56:27.835Z",
      "user": 1,
      "content_type": 8,
      "object_id": "9",
      "object_repr": "Mochila",
      "action_flag": 2,
      "change_message": "[{\"changed\": {\"fields\": [\"Stock\"]}}]"
    }
  },
  {
    "model": "admin.logentry",
    "pk": 28,
    "fields": {
      "action_time": "2021-09-22T23:21:00.981Z",
      "user": 1,
      "content_type": 10,
      "object_id": "2",
      "object_repr": "Chumpa",
      "action_flag": 1,
      "change_message": "[{\"added\": {}}]"
    }
  },
  {
    "model": "admin.logentry",
    "pk": 29,
    "fields": {
      "action_time": "2021-09-22T23:21:12.909Z",
      "user": 1,
      "content_type": 10,
      "object_id": "3",
      "object_repr": "Camisa",
      "action_flag": 1,
      "change_message": "[{\"added\": {}}]"
    }
  },
  {
    "model": "admin.logentry",
    "pk": 30,
    "fields": {
      "action_time": "2021-09-25T01:59:14.957Z",
      "user": 1,
      "content_type": 6,
      "object_id": "9",
      "object_repr": "Gamers",
      "action_flag": 1,
      "change_message": "[{\"added\": {}}]"
    }
  },
  {
    "model": "admin.logentry",
    "pk": 31,
    "fields": {
      "action_time": "2021-09-25T01:59:33.771Z",
      "user": 1,
      "content_type": 6,
      "object_id": "9",
      "object_repr": "Gamers",
      "action_flag": 2,
      "change_message": "[{\"changed\": {\"fields\": [\"Cat image\"]}}]"
    }
  },
  {
    "model": "admin.logentry",
    "pk": 32,
    "fields": {
      "action_time": "2021-09-25T02:00:19.116Z",
      "user": 1,
      "content_type": 8,
      "object_id": "11",
      "object_repr": "Silla Gamer",
      "action_flag": 1,
      "change_message": "[{\"added\": {}}]"
    }
  },
  {
    "model": "admin.logentry",
    "pk": 33,
    "fields": {
      "action_time": "2021-10-05T22:14:45.969Z",
      "user": 1,
      "content_type": 11,
      "object_id": "1",
      "object_repr": "Variation object (1)",
      "action_flag": 1,
      "change_message": "[{\"added\": {}}]"
    }
  },
  {
    "model": "admin.logentry",
    "pk": 34,
    "fields": {
      "action_time": "2021-10-05T22:14:55.143Z",
      "user": 1,
      "content_type": 11,
      "object_id": "2",
      "object_repr": "Variation object (2)",
      "action_flag": 1,
      "change_message": "[{\"added\": {}}]"
    }
  },
  {
    "model": "admin.logentry",
    "pk": 35,
    "fields": {
      "action_time": "2021-10-05T22:15:03.709Z",
      "user": 1,
      "content_type": 11,
      "object_id": "3",
      "object_repr": "Variation object (3)",
      "action_flag": 1,
      "change_message": "[{\"added\": {}}]"
    }
  },
  {
    "model": "admin.logentry",
    "pk": 36,
    "fields": {
      "action_time": "2021-10-05T22:15:14.509Z",
      "user": 1,
      "content_type": 11,
      "object_id": "4",
      "object_repr": "Variation object (4)",
      "action_flag": 1,
      "change_message": "[{\"added\": {}}]"
    }
  },
  {
    "model": "admin.logentry",
    "pk": 37,
    "fields": {
      "action_time": "2021-10-05T22:15:25.006Z",
      "user": 1,
      "content_type": 11,
      "object_id": "5",
      "object_repr": "Variation object (5)",
      "action_flag": 1,
      "change_message": "[{\"added\": {}}]"
    }
  },
  {
    "model": "admin.logentry",
    "pk": 38,
    "fields": {
      "action_time": "2021-10-05T22:15:31.982Z",
      "user": 1,
      "content_type": 11,
      "object_id": "6",
      "object_repr": "Variation object (6)",
      "action_flag": 1,
      "change_message": "[{\"added\": {}}]"
    }
  },
  {
    "model": "admin.logentry",
    "pk": 39,
    "fields": {
      "action_time": "2021-10-06T00:40:13.496Z",
      "user": 1,
      "content_type": 10,
      "object_id": "23",
      "object_repr": "Camisa Polo",
      "action_flag": 3,
      "change_message": ""
    }
  },
  {
    "model": "admin.logentry",
    "pk": 40,
    "fields": {
      "action_time": "2021-10-06T00:40:13.669Z",
      "user": 1,
      "content_type": 10,
      "object_id": "22",
      "object_repr": "Camisa Polo",
      "action_flag": 3,
      "change_message": ""
    }
  },
  {
    "model": "admin.logentry",
    "pk": 41,
    "fields": {
      "action_time": "2021-10-06T00:40:13.754Z",
      "user": 1,
      "content_type": 10,
      "object_id": "21",
      "object_repr": "Camisa Polo",
      "action_flag": 3,
      "change_message": ""
    }
  },
  {
    "model": "admin.logentry",
    "pk": 42,
    "fields": {
      "action_time": "2021-10-06T00:40:13.839Z",
      "user": 1,
      "content_type": 10,
      "object_id": "20",
      "object_repr": "Camisa Polo",
      "action_flag": 3,
      "change_message": ""
    }
  },
  {
    "model": "admin.logentry",
    "pk": 43,
    "fields": {
      "action_time": "2021-10-06T00:41:47.583Z",
      "user": 1,
      "content_type": 10,
      "object_id": "27",
      "object_repr": "Camisa Polo",
      "action_flag": 3,
      "change_message": ""
    }
  },
  {
    "model": "admin.logentry",
    "pk": 44,
    "fields": {
      "action_time": "2021-10-06T00:41:48.182Z",
      "user": 1,
      "content_type": 10,
      "object_id": "26",
      "object_repr": "Camisa Polo",
      "action_flag": 3,
      "change_message": ""
    }
  },
  {
    "model": "admin.logentry",
    "pk": 45,
    "fields": {
      "action_time": "2021-10-06T00:41:48.267Z",
      "user": 1,
      "content_type": 10,
      "object_id": "25",
      "object_repr": "Camisa Polo",
      "action_flag": 3,
      "change_message": ""
    }
  },
  {
    "model": "admin.logentry",
    "pk": 46,
    "fields": {
      "action_time": "2021-10-06T00:41:48.352Z",
      "user": 1,
      "content_type": 10,
      "object_id": "24",
      "object_repr": "Camisa Polo",
      "action_flag": 3,
      "change_message": ""
    }
  },
  {
    "model": "admin.logentry",
    "pk": 47,
    "fields": {
      "action_time": "2021-10-06T01:05:14.739Z",
      "user": 1,
      "content_type": 10,
      "object_id": "30",
      "object_repr": "Camisa Polo",
      "action_flag": 3,
      "change_message": ""
    }
  },
  {
    "model": "admin.logentry",
    "pk": 48,
    "fields": {
      "action_time": "2021-10-06T01:05:14.909Z",
      "user": 1,
      "content_type": 10,
      "object_id": "29",
      "object_repr": "Camisa Polo",
      "action_flag": 3,
      "change_message": ""
    }
  },
  {
    "model": "admin.logentry",
    "pk": 49,
    "fields": {
      "action_time": "2021-10-06T01:05:14.994Z",
      "user": 1,
      "content_type": 10,
      "object_id": "28",
      "object_repr": "Camisa Polo",
      "action_flag": 3,
      "change_message": ""
    }
  },
  {
    "model": "admin.logentry",
    "pk": 50,
    "fields": {
      "action_time": "2021-10-06T01:09:28.369Z",
      "user": 1,
      "content_type": 10,
      "object_id": "34",
      "object_repr": "Camisa Polo",
      "action_flag": 3,
      "change_message": ""
    }
  },
  {
    "model": "admin.logentry",
    "pk": 51,
    "fields": {
      "action_time": "2021-10-06T01:09:28.546Z",
      "user": 1,
      "content_type": 10,
      "object_id": "33",
      "object_repr": "Camisa Polo",
      "action_flag": 3,
      "change_message": ""
    }
  },
  {
    "model": "admin.logentry",
    "pk": 52,
    "fields": {
      "action_time": "2021-10-06T01:09:28.631Z",
      "user": 1,
      "content_type": 10,
      "object_id": "32",
      "object_repr": "Camisa Polo",
      "action_flag": 3,
      "change_message": ""
    }
  },
  {
    "model": "admin.logentry",
    "pk": 53,
    "fields": {
      "action_time": "2021-10-06T01:09:28.731Z",
      "user": 1,
      "content_type": 10,
      "object_id": "31",
      "object_repr": "Camisa Polo",
      "action_flag": 3,
      "change_message": ""
    }
  },
  {
    "model": "admin.logentry",
    "pk": 54,
    "fields": {
      "action_time": "2021-10-06T01:55:45.082Z",
      "user": 1,
      "content_type": 10,
      "object_id": "43",
      "object_repr": "Camisa Polo",
      "action_flag": 3,
      "change_message": ""
    }
  },
  {
    "model": "admin.logentry",
    "pk": 55,
    "fields": {
      "action_time": "2021-10-06T01:55:45.256Z",
      "user": 1,
      "content_type": 10,
      "object_id": "42",
      "object_repr": "Camisa Polo",
      "action_flag": 3,
      "change_message": ""
    }
  },
  {
    "model": "admin.logentry",
    "pk": 56,
    "fields": {
      "action_time": "2021-10-06T02:12:55.449Z",
      "user": 1,
      "content_type": 11,
      "object_id": "7",
      "object_repr": "color:Negro",
      "action_flag": 1,
      "change_message": "[{\"added\": {}}]"
    }
  },
  {
    "model": "admin.logentry",
    "pk": 57,
    "fields": {
      "action_time": "2021-10-06T02:13:06.385Z",
      "user": 1,
      "content_type": 11,
      "object_id": "8",
      "object_repr": "talla:Unique",
      "action_flag": 1,
      "change_message": "[{\"added\": {}}]"
    }
  },
  {
    "model": "admin.logentry",
    "pk": 58,
    "fields": {
      "action_time": "2021-10-06T21:49:50.728Z",
      "user": 1,
      "content_type": 7,
      "object_id": "2",
      "object_repr": "otro@gmail.com - otro",
      "action_flag": 2,
      "change_message": "[{\"changed\": {\"fields\": [\"Email\"]}}]"
    }
  },
  {
    "model": "admin.logentry",
    "pk": 59,
    "fields": {
      "action_time": "2021-10-06T23:39:28.850Z",
      "user": 1,
      "content_type": 7,
      "object_id": "5",
      "object_repr": "otro1@gmail.com - otro",
      "action_flag": 3,
      "change_message": ""
    }
  },
  {
    "model": "admin.logentry",
    "pk": 60,
    "fields": {
      "action_time": "2021-10-06T23:39:28.942Z",
      "user": 1,
      "content_type": 7,
      "object_id": "4",
      "object_repr": "rychy1@gmail.com - rychy2",
      "action_flag": 3,
      "change_message": ""
    }
  },
  {
    "model": "admin.logentry",
    "pk": 61,
    "fields": {
      "action_time": "2021-10-06T23:39:29.027Z",
      "user": 1,
      "content_type": 7,
      "object_id": "3",
      "object_repr": "jorgeajrhh@gmail.com - Ricardo",
      "action_flag": 3,
      "change_message": ""
    }
  },
  {
    "model": "admin.logentry",
    "pk": 62,
    "fields": {
      "action_time": "2021-10-06T23:42:16.709Z",
      "user": 1,
      "content_type": 7,
      "object_id": "6",
      "object_repr": "otro1@gmail.com - Otro",
      "action_flag": 3,
      "change_message": ""
    }
  },
  {
    "model": "admin.logentry",
    "pk": 63,
    "fields": {
      "action_time": "2021-10-07T17:15:41.613Z",
      "user": 1,
      "content_type": 8,
      "object_id": "12",
      "object_repr": "Computadora",
      "action_flag": 1,
      "change_message": "[{\"added\": {}}]"
    }
  },
  {
    "model": "admin.logentry",
    "pk": 64,
    "fields": {
      "action_time": "2021-10-07T17:16:01.135Z",
      "user": 1,
      "content_type": 11,
      "object_id": "9",
      "object_repr": "color:Negro",
      "action_flag": 1,
      "change_message": "[{\"added\": {}}]"
    }
  },
  {
    "model": "admin.logentry",
    "pk": 65,
    "fields": {
      "action_time": "2021-10-07T17:16:12.353Z",
      "user": 1,
      "content_type": 11,
      "object_id": "10",
      "object_repr": "color:azul",
      "action_flag": 1,
      "change_message": "[{\"added\": {}}]"
    }
  },
  {
    "model": "admin.logentry",
    "pk": 66,
    "fields": {
      "action_time": "2021-10-07T17:16:22.853Z",
      "user": 1,
      "content_type": 11,
      "object_id": "11",
      "object_repr": "color:Gris",
      "action_flag": 1,
      "change_message": "[{\"added\": {}}]"
    }
  },
  {
    "model": "admin.logentry",
    "pk": 67,
    "fields": {
      "action_time": "2021-10-07T17:16:32.862Z",
      "user": 1,
      "content_type": 11,
      "object_id": "12",
      "object_repr": "talla:Unique",
      "action_flag": 1,
      "change_message": "[{\"added\": {}}]"
    }
  },
  {
    "model": "admin.logentry",
    "pk": 68,
    "fields": {
      "action_time": "2021-10-07T18:19:45.717Z",
      "user": 1,
      "content_type": 7,
      "object_id": "2",
      "object_repr": "otro@gmail.com - otro",
      "action_flag": 3,
      "change_message": ""
    }
  },
  {
    "model": "admin.logentry",
    "pk": 69,
    "fields": {
      "action_time": "2021-10-07T18:21:21.689Z",
      "user": 1,
      "content_type": 7,
      "object_id": "7",
      "object_repr": "otro@gmail.com - Otro",
      "action_flag": 2,
      "change_message": "[{\"changed\": {\"fields\": [\"Is active\"]}}]"
    }
  },
  {
    "model": "admin.logentry",
    "pk": 70,
    "fields": {
      "action_time": "2021-10-07T18:23:29.915Z",
      "user": 1,
      "content_type": 7,
      "object_id": "7",
      "object_repr": "otro@gmail.com - Otro",
      "action_flag": 2,
      "change_message": "[{\"changed\": {\"fields\": [\"password\"]}}]"
    }
  },
  {
    "model": "admin.logentry",
    "pk": 71,
    "fields": {
      "action_time": "2021-10-07T18:26:06.686Z",
      "user": 1,
      "content_type": 9,
      "object_id": "6",
      "object_repr": "t9z2um3mxtsug3ur1vv2o1ahr0ake4ih",
      "action_flag": 3,
      "change_message": ""
    }
  },
  {
    "model": "admin.logentry",
    "pk": 72,
    "fields": {
      "action_time": "2021-10-07T18:26:06.863Z",
      "user": 1,
      "content_type": 9,
      "object_id": "5",
      "object_repr": "y5a7i4pryhth7jnfqh3ekk9qmpbtjfo0",
      "action_flag": 3,
      "change_message": ""
    }
  },
  {
    "model": "admin.logentry",
    "pk": 73,
    "fields": {
      "action_time": "2021-10-07T18:26:06.947Z",
      "user": 1,
      "content_type": 9,
      "object_id": "4",
      "object_repr": "n2dkolcyyzqio7cfacgmqb4rmryj0230",
      "action_flag": 3,
      "change_message": ""
    }
  },
  {
    "model": "admin.logentry",
    "pk": 74,
    "fields": {
      "action_time": "2021-10-07T18:26:07.033Z",
      "user": 1,
      "content_type": 9,
      "object_id": "3",
      "object_repr": "bjlcl3ma09t07nae9cijer4jti9kw3ec",
      "action_flag": 3,
      "change_message": ""
    }
  },
  {
    "model": "admin.logentry",
    "pk": 75,
    "fields": {
      "action_time": "2021-10-07T18:26:07.117Z",
      "user": 1,
      "content_type": 9,
      "object_id": "2",
      "object_repr": "ynxubnue1kn6fwn2pu0wryad2y4ad1me",
      "action_flag": 3,
      "change_message": ""
    }
  },
  {
    "model": "admin.logentry",
    "pk": 76,
    "fields": {
      "action_time": "2021-10-07T18:26:07.202Z",
      "user": 1,
      "content_type": 9,
      "object_id": "1",
      "object_repr": "yjn11dqww81ni4rjnwqlk0ymtugjh88g",
      "action_flag": 3,
      "change_message": ""
    }
  },
  {
    "model": "admin.logentry",
    "pk": 77,
    "fields": {
      "action_time": "2021-10-07T19:03:58.591Z",
      "user": 1,
      "content_type": 7,
      "object_id": "8",
      "object_repr": "otro1@gmail.com - otro1",
      "action_flag": 3,
      "change_message": ""
    }
  },
  {
    "model": "admin.logentry",
    "pk": 78,
    "fields": {
      "action_time": "2021-10-07T19:03:58.767Z",
      "user": 1,
      "content_type": 7,
      "object_id": "7",
      "object_repr": "otro@gmail.com - Otro",
      "action_flag": 3,
      "change_message": ""
    }
  },
  {
    "model": "admin.logentry",
    "pk": 79,
    "fields": {
      "action_time": "2021-10-07T19:14:57.860Z",
      "user": 1,
      "content_type": 7,
      "object_id": "9",
      "object_repr": "otro@gmail.com - otro",
      "action_flag": 3,
      "change_message": ""
    }
  },
  {
    "model": "admin.logentry",
    "pk": 80,
    "fields": {
      "action_time": "2021-10-07T19:19:56.111Z",
      "user": 1,
      "content_type": 7,
      "object_id": "10",
      "object_repr": "desarrolloweb248@gmail.com - otro",
      "action_flag": 3,
      "change_message": ""
    }
  },
  {
    "model": "admin.logentry",
    "pk": 81,
    "fields": {
      "action_time": "2021-10-07T19:23:50.896Z",
      "user": 1,
      "content_type": 7,
      "object_id": "11",
      "object_repr": "desarrolloweb248@gmail.com - otro",
      "action_flag": 3,
      "change_message": ""
    }
  },
  {
    "model": "admin.logentry",
    "pk": 82,
    "fields": {
      "action_time": "2021-10-07T19:28:41.802Z",
      "user": 1,
      "content_type": 7,
      "object_id": "12",
      "object_repr": "desarrolloweb248@gmail.com - otro",
      "action_flag": 3,
      "change_message": ""
    }
  },
  {
    "model": "admin.logentry",
    "pk": 83,
    "fields": {
      "action_time": "2021-10-07T19:41:21.473Z",
      "user": 1,
      "content_type": 7,
      "object_id": "13",
      "object_repr": "desarrolloweb248@gmail.com - otro",
      "action_flag": 3,
      "change_message": ""
    }
  },
  {
    "model": "admin.logentry",
    "pk": 84,
    "fields": {
      "action_time": "2021-10-07T19:45:03.868Z",
      "user": 1,
      "content_type": 7,
      "object_id": "14",
      "object_repr": "desarrolloweb248@gmail.com - Nestor",
      "action_flag": 2,
      "change_message": "[{\"changed\": {\"fields\": [\"password\"]}}]"
    }
  },
  {
    "model": "admin.logentry",
    "pk": 85,
    "fields": {
      "action_time": "2021-10-09T00:49:33.723Z",
      "user": 1,
      "content_type": 10,
      "object_id": "67",
      "object_repr": "Mask",
      "action_flag": 3,
      "change_message": ""
    }
  },
  {
    "model": "admin.logentry",
    "pk": 86,
    "fields": {
      "action_time": "2021-10-09T00:49:33.904Z",
      "user": 1,
      "content_type": 10,
      "object_id": "66",
      "object_repr": "Mask",
      "action_flag": 3,
      "change_message": ""
    }
  },
  {
    "model": "admin.logentry",
    "pk": 87,
    "fields": {
      "action_time": "2021-10-09T00:49:33.990Z",
      "user": 1,
      "content_type": 10,
      "object_id": "65",
      "object_repr": "Mask",
      "action_flag": 3,
      "change_message": ""
    }
  },
  {
    "model": "admin.logentry",
    "pk": 88,
    "fields": {
      "action_time": "2021-10-09T00:49:34.081Z",
      "user": 1,
      "content_type": 10,
      "object_id": "64",
      "object_repr": "Mask",
      "action_flag": 3,
      "change_message": ""
    }
  },
  {
    "model": "admin.logentry",
    "pk": 89,
    "fields": {
      "action_time": "2021-10-09T00:49:44.641Z",
      "user": 1,
      "content_type": 9,
      "object_id": "10",
      "object_repr": "gxh1miakix7ijsl36cd73quucx2inw0k",
      "action_flag": 3,
      "change_message": ""
    }
  },
  {
    "model": "admin.logentry",
    "pk": 90,
    "fields": {
      "action_time": "2021-10-09T00:49:44.812Z",
      "user": 1,
      "content_type": 9,
      "object_id": "9",
      "object_repr": "hihzwu84195udvqe36okstjdd19u90ia",
      "action_flag": 3,
      "change_message": ""
    }
  },
  {
    "model": "admin.logentry",
    "pk": 91,
    "fields": {
      "action_time": "2021-10-09T00:49:44.891Z",
      "user": 1,
      "content_type": 9,
      "object_id": "8",
      "object_repr": "jap3tzzjbo09ipz5s63jeycr38se1fdu",
      "action_flag": 3,
      "change_message": ""
    }
  },
  {
    "model": "admin.logentry",
    "pk": 92,
    "fields": {
      "action_time": "2021-10-09T00:49:44.984Z",
      "user": 1,
      "content_type": 9,
      "object_id": "7",
      "object_repr": "1r0yw6q4kc16ve29ae7g4s5uk26gddfe",
      "action_flag": 3,
      "change_message": ""
    }
  },
  {
    "model": "admin.logentry",
    "pk": 93,
    "fields": {
      "action_time": "2021-10-09T00:59:03.293Z",
      "user": 1,
      "content_type": 10,
      "object_id": "70",
      "object_repr": "Mask",
      "action_flag": 3,
      "change_message": ""
    }
  },
  {
    "model": "admin.logentry",
    "pk": 94,
    "fields": {
      "action_time": "2021-10-09T00:59:03.381Z",
      "user": 1,
      "content_type": 10,
      "object_id": "69",
      "object_repr": "Camisa Polo",
      "action_flag": 3,
      "change_message": ""
    }
  },
  {
    "model": "admin.logentry",
    "pk": 95,
    "fields": {
      "action_time": "2021-10-09T00:59:03.469Z",
      "user": 1,
      "content_type": 10,
      "object_id": "68",
      "object_repr": "Mask",
      "action_flag": 3,
      "change_message": ""
    }
  },
  {
    "model": "admin.logentry",
    "pk": 96,
    "fields": {
      "action_time": "2021-10-09T01:02:43.655Z",
      "user": 1,
      "content_type": 10,
      "object_id": "71",
      "object_repr": "Mask",
      "action_flag": 3,
      "change_message": ""
    }
  },
  {
    "model": "admin.logentry",
    "pk": 97,
    "fields": {
      "action_time": "2021-10-09T01:05:48.380Z",
      "user": 1,
      "content_type": 10,
      "object_id": "72",
      "object_repr": "Mask",
      "action_flag": 3,
      "change_message": ""
    }
  },
  {
    "model": "admin.logentry",
    "pk": 98,
    "fields": {
      "action_time": "2021-10-09T04:34:16.758Z",
      "user": 1,
      "content_type": 7,
      "object_id": "15",
      "object_repr": "MyLittleViruz@outlook.es - Willy",
      "action_flag": 2,
      "change_message": "[{\"changed\": {\"fields\": [\"password\"]}}]"
    }
  },
  {
    "model": "admin.logentry",
    "pk": 99,
    "fields": {
      "action_time": "2021-10-12T23:37:22.776Z",
      "user": 1,
      "content_type": 9,
      "object_id": "20",
      "object_repr": "ahq748n55fhy2ctvx27zx3lml6os84po",
      "action_flag": 3,
      "change_message": ""
    }
  },
  {
    "model": "admin.logentry",
    "pk": 100,
    "fields": {
      "action_time": "2021-10-12T23:37:22.946Z",
      "user": 1,
      "content_type": 9,
      "object_id": "19",
      "object_repr": "d6e52iv6b1xdpc6268vofcr61aqh3zai",
      "action_flag": 3,
      "change_message": ""
    }
  },
  {
    "model": "admin.logentry",
    "pk": 101,
    "fields": {
      "action_time": "2021-10-12T23:37:23.034Z",
      "user": 1,
      "content_type": 9,
      "object_id": "18",
      "object_repr": "s0clmme07cannoqruvw0tsp4pfuz192h",
      "action_flag": 3,
      "change_message": ""
    }
  },
  {
    "model": "admin.logentry",
    "pk": 102,
    "fields": {
      "action_time": "2021-10-12T23:37:23.122Z",
      "user": 1,
      "content_type": 9,
      "object_id": "17",
      "object_repr": "g8xks8zp7t6t7w5mf3wtxl1pxgjfh911",
      "action_flag": 3,
      "change_message": ""
    }
  },
  {
    "model": "admin.logentry",
    "pk": 103,
    "fields": {
      "action_time": "2021-10-12T23:37:23.202Z",
      "user": 1,
      "content_type": 9,
      "object_id": "16",
      "object_repr": "r642mmmsnsb27es8e7hyz9odkhgg15me",
      "action_flag": 3,
      "change_message": ""
    }
  },
  {
    "model": "admin.logentry",
    "pk": 104,
    "fields": {
      "action_time": "2021-10-12T23:37:23.290Z",
      "user": 1,
      "content_type": 9,
      "object_id": "15",
      "object_repr": "sq2j2vrgn0jeh5p8lwrx441zmcsmqmcc",
      "action_flag": 3,
      "change_message": ""
    }
  },
  {
    "model": "admin.logentry",
    "pk": 105,
    "fields": {
      "action_time": "2021-10-12T23:37:23.371Z",
      "user": 1,
      "content_type": 9,
      "object_id": "14",
      "object_repr": "ks5umzk890ibgw44u2asxnpyspg9m3bs",
      "action_flag": 3,
      "change_message": ""
    }
  },
  {
    "model": "admin.logentry",
    "pk": 106,
    "fields": {
      "action_time": "2021-10-12T23:37:23.475Z",
      "user": 1,
      "content_type": 9,
      "object_id": "13",
      "object_repr": "d8503scxpze5u5wwdjudva1zfommi26l",
      "action_flag": 3,
      "change_message": ""
    }
  },
  {
    "model": "admin.logentry",
    "pk": 107,
    "fields": {
      "action_time": "2021-10-12T23:37:23.555Z",
      "user": 1,
      "content_type": 9,
      "object_id": "12",
      "object_repr": "ynpmlblir3k6gvw7fja6dd1rm3ogl8sh",
      "action_flag": 3,
      "change_message": ""
    }
  },
  {
    "model": "admin.logentry",
    "pk": 108,
    "fields": {
      "action_time": "2021-10-12T23:37:23.651Z",
      "user": 1,
      "content_type": 9,
      "object_id": "11",
      "object_repr": "9tlt5x1p3bvzs8im2i0hxdr0sogqniep",
      "action_flag": 3,
      "change_message": ""
    }
  },
  {
    "model": "admin.logentry",
    "pk": 109,
    "fields": {
      "action_time": "2021-10-12T23:55:13.970Z",
      "user": 1,
      "content_type": 9,
      "object_id": "21",
      "object_repr": "zuuesl6cyiuluwjjt4p3igzxpddsyvt9",
      "action_flag": 3,
      "change_message": ""
    }
  },
  {
    "model": "admin.logentry",
    "pk": 110,
    "fields": {
      "action_time": "2021-10-12T23:55:22.435Z",
      "user": 1,
      "content_type": 10,
      "object_id": "83",
      "object_repr": "Camisa Polo",
      "action_flag": 3,
      "change_message": ""
    }
  },
  {
    "model": "admin.logentry",
    "pk": 111,
    "fields": {
      "action_time": "2021-10-12T23:55:22.605Z",
      "user": 1,
      "content_type": 10,
      "object_id": "82",
      "object_repr": "Camisa Polo",
      "action_flag": 3,
      "change_message": ""
    }
  },
  {
    "model": "admin.logentry",
    "pk": 112,
    "fields": {
      "action_time": "2021-10-13T01:21:37.453Z",
      "user": 1,
      "content_type": 10,
      "object_id": "86",
      "object_repr": "Camisa Polo",
      "action_flag": 2,
      "change_message": "[{\"changed\": {\"fields\": [\"Cart\"]}}]"
    }
  },
  {
    "model": "admin.logentry",
    "pk": 113,
    "fields": {
      "action_time": "2021-10-13T01:21:48.179Z",
      "user": 1,
      "content_type": 10,
      "object_id": "85",
      "object_repr": "Camisa Polo",
      "action_flag": 2,
      "change_message": "[{\"changed\": {\"fields\": [\"Cart\"]}}]"
    }
  },
  {
    "model": "admin.logentry",
    "pk": 114,
    "fields": {
      "action_time": "2021-10-13T18:34:12.834Z",
      "user": 1,
      "content_type": 9,
      "object_id": "27",
      "object_repr": "6jitvwhxcrjd7xo09ufm6ptrifwr6ovz",
      "action_flag": 3,
      "change_message": ""
    }
  },
  {
    "model": "admin.logentry",
    "pk": 115,
    "fields": {
      "action_time": "2021-10-13T18:34:13.044Z",
      "user": 1,
      "content_type": 9,
      "object_id": "26",
      "object_repr": "ag1psre9zmnw82ztb7m3ieaiepagscpd",
      "action_flag": 3,
      "change_message": ""
    }
  },
  {
    "model": "admin.logentry",
    "pk": 116,
    "fields": {
      "action_time": "2021-10-13T18:34:13.124Z",
      "user": 1,
      "content_type": 9,
      "object_id": "25",
      "object_repr": "ghte4ojnqcaahj2yvylmt0xrsi7ez4ix",
      "action_flag": 3,
      "change_message": ""
    }
  },
  {
    "model": "admin.logentry",
    "pk": 117,
    "fields": {
      "action_time": "2021-10-13T18:34:13.212Z",
      "user": 1,
      "content_type": 9,
      "object_id": "24",
      "object_repr": "0v7vu2hfyauy4loez99mlkpo95bn32ht",
      "action_flag": 3,
      "change_message": ""
    }
  },
  {
    "model": "admin.logentry",
    "pk": 118,
    "fields": {
      "action_time": "2021-10-13T18:34:13.292Z",
      "user": 1,
      "content_type": 9,
      "object_id": "23",
      "object_repr": "9u6dgd1frwf5mci8igowp994kqymdjl8",
      "action_flag": 3,
      "change_message": ""
    }
  },
  {
    "model": "admin.logentry",
    "pk": 119,
    "fields": {
      "action_time": "2021-10-13T18:34:13.380Z",
      "user": 1,
      "content_type": 9,
      "object_id": "22",
      "object_repr": "nljg7jm6na47ivbst476th6iq6y9yluh",
      "action_flag": 3,
      "change_message": ""
    }
  },
  {
    "model": "admin.logentry",
    "pk": 120,
    "fields": {
      "action_time": "2021-10-14T22:29:57.514Z",
      "user": 1,
      "content_type": 8,
      "object_id": "3",
      "object_repr": "Camisa Polo",
      "action_flag": 2,
      "change_message": "[{\"changed\": {\"fields\": [\"Price\"]}}]"
    }
  },
  {
    "model": "admin.logentry",
    "pk": 121,
    "fields": {
      "action_time": "2021-10-14T22:30:16.195Z",
      "user": 1,
      "content_type": 8,
      "object_id": "1",
      "object_repr": "Mask",
      "action_flag": 2,
      "change_message": "[{\"changed\": {\"fields\": [\"Price\", \"Stock\"]}}]"
    }
  },
  {
    "model": "admin.logentry",
    "pk": 122,
    "fields": {
      "action_time": "2021-10-14T22:30:24.946Z",
      "user": 1,
      "content_type": 8,
      "object_id": "3",
      "object_repr": "Camisa Polo",
      "action_flag": 2,
      "change_message": "[{\"changed\": {\"fields\": [\"Stock\"]}}]"
    }
  },
  {
    "model": "admin.logentry",
    "pk": 123,
    "fields": {
      "action_time": "2021-10-14T23:12:16.506Z",
      "user": 1,
      "content_type": 8,
      "object_id": "3",
      "object_repr": "Camisa Polo",
      "action_flag": 2,
      "change_message": "[{\"changed\": {\"fields\": [\"Price\"]}}]"
    }
  },
  {
    "model": "admin.logentry",
    "pk": 124,
    "fields": {
      "action_time": "2021-10-14T23:12:25.978Z",
      "user": 1,
      "content_type": 8,
      "object_id": "1",
      "object_repr": "Mask",
      "action_flag": 2,
      "change_message": "[{\"changed\": {\"fields\": [\"Price\"]}}]"
    }
  },
  {
    "model": "admin.logentry",
    "pk": 125,
    "fields": {
      "action_time": "2021-10-14T23:36:41.945Z",
      "user": 1,
      "content_type": 8,
      "object_id": "3",
      "object_repr": "Camisa Polo",
      "action_flag": 2,
      "change_message": "[{\"changed\": {\"fields\": [\"Price\"]}}]"
    }
  },
  {
    "model": "admin.logentry",
    "pk": 126,
    "fields": {
      "action_time": "2021-10-14T23:36:50.641Z",
      "user": 1,
      "content_type": 8,
      "object_id": "1",
      "object_repr": "Mask",
      "action_flag": 2,
      "change_message": "[{\"changed\": {\"fields\": [\"Price\"]}}]"
    }
  },
  {
    "model": "admin.logentry",
    "pk": 127,
    "fields": {
      "action_time": "2021-10-15T03:04:39.099Z",
      "user": 1,
      "content_type": 8,
      "object_id": "13",
      "object_repr": "mouse",
      "action_flag": 1,
      "change_message": "[{\"added\": {}}]"
    }
  },
  {
    "model": "admin.logentry",
    "pk": 128,
    "fields": {
      "action_time": "2021-10-15T03:05:30.412Z",
      "user": 1,
      "content_type": 8,
      "object_id": "13",
      "object_repr": "mouse",
      "action_flag": 2,
      "change_message": "[{\"changed\": {\"fields\": [\"Description\"]}}]"
    }
  },
  {
    "model": "admin.logentry",
    "pk": 129,
    "fields": {
      "action_time": "2021-10-15T03:05:53.072Z",
      "user": 1,
      "content_type": 11,
      "object_id": "13",
      "object_repr": "color:Negro",
      "action_flag": 1,
      "change_message": "[{\"added\": {}}]"
    }
  },
  {
    "model": "admin.logentry",
    "pk": 130,
    "fields": {
      "action_time": "2021-10-15T03:06:02.481Z",
      "user": 1,
      "content_type": 11,
      "object_id": "14",
      "object_repr": "color:Rojo",
      "action_flag": 1,
      "change_message": "[{\"added\": {}}]"
    }
  },
  {
    "model": "admin.logentry",
    "pk": 131,
    "fields": {
      "action_time": "2021-10-15T03:06:11.013Z",
      "user": 1,
      "content_type": 11,
      "object_id": "15",
      "object_repr": "talla:Unique",
      "action_flag": 1,
      "change_message": "[{\"added\": {}}]"
    }
  },
  {
    "model": "admin.logentry",
    "pk": 132,
    "fields": {
      "action_time": "2021-10-15T03:06:34.208Z",
      "user": 1,
      "content_type": 11,
      "object_id": "16",
      "object_repr": "color:Gris",
      "action_flag": 1,
      "change_message": "[{\"added\": {}}]"
    }
  },
  {
    "model": "admin.logentry",
    "pk": 133,
    "fields": {
      "action_time": "2021-10-15T23:58:31.599Z",
      "user": 1,
      "content_type": 8,
      "object_id": "13",
      "object_repr": "mouse",
      "action_flag": 2,
      "change_message": "[{\"changed\": {\"fields\": [\"Price\"]}}]"
    }
  },
  {
    "model": "admin.logentry",
    "pk": 134,
    "fields": {
      "action_time": "2021-10-16T23:38:03.383Z",
      "user": 1,
      "content_type": 15,
      "object_id": "1",
      "object_repr": "Perfecta",
      "action_flag": 2,
      "change_message": "[{\"changed\": {\"fields\": [\"Rating\"]}}]"
    }
  },
  {
    "model": "admin.logentry",
    "pk": 135,
    "fields": {
      "action_time": "2021-10-16T23:38:54.375Z",
      "user": 1,
      "content_type": 15,
      "object_id": "1",
      "object_repr": "Perfecta",
      "action_flag": 2,
      "change_message": "[{\"changed\": {\"fields\": [\"Rating\"]}}]"
    }
  },
  {
    "model": "admin.logentry",
    "pk": 136,
    "fields": {
      "action_time": "2021-10-17T01:22:43.782Z",
      "user": 1,
      "content_type": 15,
      "object_id": "1",
      "object_repr": "Perfecta",
      "action_flag": 2,
      "change_message": "[{\"changed\": {\"fields\": [\"Rating\"]}}]"
    }
  },
  {
    "model": "admin.logentry",
    "pk": 137,
    "fields": {
      "action_time": "2021-10-17T01:23:14.960Z",
      "user": 1,
      "content_type": 15,
      "object_id": "2",
      "object_repr": "Muy bien",
      "action_flag": 1,
      "change_message": "[{\"added\": {}}]"
    }
  },
  {
    "model": "admin.logentry",
    "pk": 138,
    "fields": {
      "action_time": "2021-10-17T01:24:56.274Z",
      "user": 1,
      "content_type": 15,
      "object_id": "1",
      "object_repr": "Perfecta",
      "action_flag": 2,
      "change_message": "[]"
    }
  },
  {
    "model": "admin.logentry",
    "pk": 139,
    "fields": {
      "action_time": "2021-10-17T01:25:49.548Z",
      "user": 1,
      "content_type": 15,
      "object_id": "3",
      "object_repr": "Bueno, pasa",
      "action_flag": 1,
      "change_message": "[{\"added\": {}}]"
    }
  },
  {
    "model": "admin.logentry",
    "pk": 140,
    "fields": {
      "action_time": "2021-10-17T01:29:49.758Z",
      "user": 1,
      "content_type": 15,
      "object_id": "3",
      "object_repr": "Bueno, pasa",
      "action_flag": 2,
      "change_message": "[{\"changed\": {\"fields\": [\"Rating\"]}}]"
    }
  },
  {
    "model": "admin.logentry",
    "pk": 141,
    "fields": {
      "action_time": "2021-10-17T01:30:29.400Z",
      "user": 1,
      "content_type": 15,
      "object_id": "3",
      "object_repr": "Bueno, pasa",
      "action_flag": 2,
      "change_message": "[{\"changed\": {\"fields\": [\"Rating\"]}}]"
    }
  },
  {
    "model": "admin.logentry",
    "pk": 142,
    "fields": {
      "action_time": "2021-10-17T01:33:11.717Z",
      "user": 1,
      "content_type": 15,
      "object_id": "3",
      "object_repr": "Bueno, pasa",
      "action_flag": 2,
      "change_message": "[{\"changed\": {\"fields\": [\"Rating\"]}}]"
    }
  },
  {
    "model": "admin.logentry",
    "pk": 143,
    "fields": {
      "action_time": "2021-10-19T01:41:31.453Z",
      "user": 1,
      "content_type": 16,
      "object_id": "1",
      "object_repr": "otro",
      "action_flag": 1,
      "change_message": "[{\"added\": {}}]"
    }
  },
  {
    "model": "admin.logentry",
    "pk": 144,
    "fields": {
      "action_time": "2021-10-20T23:02:15.603Z",
      "user": 1,
      "content_type": 16,
      "object_id": "1",
      "object_repr": "rychy",
      "action_flag": 2,
      "change_message": "[{\"changed\": {\"fields\": [\"User\"]}}]"
    }
  },
  {
    "model": "admin.logentry",
    "pk": 145,
    "fields": {
      "action_time": "2021-10-22T03:03:58.241Z",
      "user": 1,
      "content_type": 8,
      "object_id": "13",
      "object_repr": "mouse",
      "action_flag": 2,
      "change_message": "[{\"added\": {\"name\": \"product gallery\", \"object\": \"mouse\"}}]"
    }
  },
  {
    "model": "admin.logentry",
    "pk": 146,
    "fields": {
      "action_time": "2021-10-22T03:07:16.528Z",
      "user": 1,
      "content_type": 8,
      "object_id": "13",
      "object_repr": "mouse",
      "action_flag": 2,
      "change_message": "[{\"added\": {\"name\": \"product gallery\", \"object\": \"mouse\"}}]"
    }
  },
  {
    "model": "admin.logentry",
    "pk": 147,
    "fields": {
      "action_time": "2021-10-25T23:09:06.251Z",
      "user": 1,
      "content_type": 6,
      "object_id": "9",
      "object_repr": "Gamers",
      "action_flag": 2,
      "change_message": "[{\"changed\": {\"fields\": [\"Cat image\"]}}]"
    }
  },
  {
    "model": "admin.logentry",
    "pk": 148,
    "fields": {
      "action_time": "2021-10-25T23:12:19.707Z",
      "user": 1,
      "content_type": 8,
      "object_id": "13",
      "object_repr": "mouse",
      "action_flag": 2,
      "change_message": "[{\"changed\": {\"fields\": [\"Images\"]}}, {\"changed\": {\"name\": \"product gallery\", \"object\": \"mouse\", \"fields\": [\"Image\"]}}, {\"changed\": {\"name\": \"product gallery\", \"object\": \"mouse\", \"fields\": [\"Image\"]}}]"
    }
  },
  {
    "model": "auth.permission",
    "pk": 1,
    "fields": {
      "name": "Can add log entry",
      "content_type": 1,
      "codename": "add_logentry"
    }
  },
  {
    "model": "auth.permission",
    "pk": 2,
    "fields": {
      "name": "Can change log entry",
      "content_type": 1,
      "codename": "change_logentry"
    }
  },
  {
    "model": "auth.permission",
    "pk": 3,
    "fields": {
      "name": "Can delete log entry",
      "content_type": 1,
      "codename": "delete_logentry"
    }
  },
  {
    "model": "auth.permission",
    "pk": 4,
    "fields": {
      "name": "Can view log entry",
      "content_type": 1,
      "codename": "view_logentry"
    }
  },
  {
    "model": "auth.permission",
    "pk": 5,
    "fields": {
      "name": "Can add permission",
      "content_type": 2,
      "codename": "add_permission"
    }
  },
  {
    "model": "auth.permission",
    "pk": 6,
    "fields": {
      "name": "Can change permission",
      "content_type": 2,
      "codename": "change_permission"
    }
  },
  {
    "model": "auth.permission",
    "pk": 7,
    "fields": {
      "name": "Can delete permission",
      "content_type": 2,
      "codename": "delete_permission"
    }
  },
  {
    "model": "auth.permission",
    "pk": 8,
    "fields": {
      "name": "Can view permission",
      "content_type": 2,
      "codename": "view_permission"
    }
  },
  {
    "model": "auth.permission",
    "pk": 9,
    "fields": {
      "name": "Can add group",
      "content_type": 3,
      "codename": "add_group"
    }
  },
  {
    "model": "auth.permission",
    "pk": 10,
    "fields": {
      "name": "Can change group",
      "content_type": 3,
      "codename": "change_group"
    }
  },
  {
    "model": "auth.permission",
    "pk": 11,
    "fields": {
      "name": "Can delete group",
      "content_type": 3,
      "codename": "delete_group"
    }
  },
  {
    "model": "auth.permission",
    "pk": 12,
    "fields": {
      "name": "Can view group",
      "content_type": 3,
      "codename": "view_group"
    }
  },
  {
    "model": "auth.permission",
    "pk": 13,
    "fields": {
      "name": "Can add content type",
      "content_type": 4,
      "codename": "add_contenttype"
    }
  },
  {
    "model": "auth.permission",
    "pk": 14,
    "fields": {
      "name": "Can change content type",
      "content_type": 4,
      "codename": "change_contenttype"
    }
  },
  {
    "model": "auth.permission",
    "pk": 15,
    "fields": {
      "name": "Can delete content type",
      "content_type": 4,
      "codename": "delete_contenttype"
    }
  },
  {
    "model": "auth.permission",
    "pk": 16,
    "fields": {
      "name": "Can view content type",
      "content_type": 4,
      "codename": "view_contenttype"
    }
  },
  {
    "model": "auth.permission",
    "pk": 17,
    "fields": {
      "name": "Can add session",
      "content_type": 5,
      "codename": "add_session"
    }
  },
  {
    "model": "auth.permission",
    "pk": 18,
    "fields": {
      "name": "Can change session",
      "content_type": 5,
      "codename": "change_session"
    }
  },
  {
    "model": "auth.permission",
    "pk": 19,
    "fields": {
      "name": "Can delete session",
      "content_type": 5,
      "codename": "delete_session"
    }
  },
  {
    "model": "auth.permission",
    "pk": 20,
    "fields": {
      "name": "Can view session",
      "content_type": 5,
      "codename": "view_session"
    }
  },
  {
    "model": "auth.permission",
    "pk": 21,
    "fields": {
      "name": "Can add Category",
      "content_type": 6,
      "codename": "add_category"
    }
  },
  {
    "model": "auth.permission",
    "pk": 22,
    "fields": {
      "name": "Can change Category",
      "content_type": 6,
      "codename": "change_category"
    }
  },
  {
    "model": "auth.permission",
    "pk": 23,
    "fields": {
      "name": "Can delete Category",
      "content_type": 6,
      "codename": "delete_category"
    }
  },
  {
    "model": "auth.permission",
    "pk": 24,
    "fields": {
      "name": "Can view Category",
      "content_type": 6,
      "codename": "view_category"
    }
  },
  {
    "model": "auth.permission",
    "pk": 25,
    "fields": {
      "name": "Can add user",
      "content_type": 7,
      "codename": "add_account"
    }
  },
  {
    "model": "auth.permission",
    "pk": 26,
    "fields": {
      "name": "Can change user",
      "content_type": 7,
      "codename": "change_account"
    }
  },
  {
    "model": "auth.permission",
    "pk": 27,
    "fields": {
      "name": "Can delete user",
      "content_type": 7,
      "codename": "delete_account"
    }
  },
  {
    "model": "auth.permission",
    "pk": 28,
    "fields": {
      "name": "Can view user",
      "content_type": 7,
      "codename": "view_account"
    }
  },
  {
    "model": "auth.permission",
    "pk": 29,
    "fields": {
      "name": "Can add product",
      "content_type": 8,
      "codename": "add_product"
    }
  },
  {
    "model": "auth.permission",
    "pk": 30,
    "fields": {
      "name": "Can change product",
      "content_type": 8,
      "codename": "change_product"
    }
  },
  {
    "model": "auth.permission",
    "pk": 31,
    "fields": {
      "name": "Can delete product",
      "content_type": 8,
      "codename": "delete_product"
    }
  },
  {
    "model": "auth.permission",
    "pk": 32,
    "fields": {
      "name": "Can view product",
      "content_type": 8,
      "codename": "view_product"
    }
  },
  {
    "model": "auth.permission",
    "pk": 33,
    "fields": {
      "name": "Can add cart",
      "content_type": 9,
      "codename": "add_cart"
    }
  },
  {
    "model": "auth.permission",
    "pk": 34,
    "fields": {
      "name": "Can change cart",
      "content_type": 9,
      "codename": "change_cart"
    }
  },
  {
    "model": "auth.permission",
    "pk": 35,
    "fields": {
      "name": "Can delete cart",
      "content_type": 9,
      "codename": "delete_cart"
    }
  },
  {
    "model": "auth.permission",
    "pk": 36,
    "fields": {
      "name": "Can view cart",
      "content_type": 9,
      "codename": "view_cart"
    }
  },
  {
    "model": "auth.permission",
    "pk": 37,
    "fields": {
      "name": "Can add cart item",
      "content_type": 10,
      "codename": "add_cartitem"
    }
  },
  {
    "model": "auth.permission",
    "pk": 38,
    "fields": {
      "name": "Can change cart item",
      "content_type": 10,
      "codename": "change_cartitem"
    }
  },
  {
    "model": "auth.permission",
    "pk": 39,
    "fields": {
      "name": "Can delete cart item",
      "content_type": 10,
      "codename": "delete_cartitem"
    }
  },
  {
    "model": "auth.permission",
    "pk": 40,
    "fields": {
      "name": "Can view cart item",
      "content_type": 10,
      "codename": "view_cartitem"
    }
  },
  {
    "model": "auth.permission",
    "pk": 41,
    "fields": {
      "name": "Can add variation",
      "content_type": 11,
      "codename": "add_variation"
    }
  },
  {
    "model": "auth.permission",
    "pk": 42,
    "fields": {
      "name": "Can change variation",
      "content_type": 11,
      "codename": "change_variation"
    }
  },
  {
    "model": "auth.permission",
    "pk": 43,
    "fields": {
      "name": "Can delete variation",
      "content_type": 11,
      "codename": "delete_variation"
    }
  },
  {
    "model": "auth.permission",
    "pk": 44,
    "fields": {
      "name": "Can view variation",
      "content_type": 11,
      "codename": "view_variation"
    }
  },
  {
    "model": "auth.permission",
    "pk": 45,
    "fields": {
      "name": "Can add payment",
      "content_type": 12,
      "codename": "add_payment"
    }
  },
  {
    "model": "auth.permission",
    "pk": 46,
    "fields": {
      "name": "Can change payment",
      "content_type": 12,
      "codename": "change_payment"
    }
  },
  {
    "model": "auth.permission",
    "pk": 47,
    "fields": {
      "name": "Can delete payment",
      "content_type": 12,
      "codename": "delete_payment"
    }
  },
  {
    "model": "auth.permission",
    "pk": 48,
    "fields": {
      "name": "Can view payment",
      "content_type": 12,
      "codename": "view_payment"
    }
  },
  {
    "model": "auth.permission",
    "pk": 49,
    "fields": {
      "name": "Can add order",
      "content_type": 13,
      "codename": "add_order"
    }
  },
  {
    "model": "auth.permission",
    "pk": 50,
    "fields": {
      "name": "Can change order",
      "content_type": 13,
      "codename": "change_order"
    }
  },
  {
    "model": "auth.permission",
    "pk": 51,
    "fields": {
      "name": "Can delete order",
      "content_type": 13,
      "codename": "delete_order"
    }
  },
  {
    "model": "auth.permission",
    "pk": 52,
    "fields": {
      "name": "Can view order",
      "content_type": 13,
      "codename": "view_order"
    }
  },
  {
    "model": "auth.permission",
    "pk": 53,
    "fields": {
      "name": "Can add order product",
      "content_type": 14,
      "codename": "add_orderproduct"
    }
  },
  {
    "model": "auth.permission",
    "pk": 54,
    "fields": {
      "name": "Can change order product",
      "content_type": 14,
      "codename": "change_orderproduct"
    }
  },
  {
    "model": "auth.permission",
    "pk": 55,
    "fields": {
      "name": "Can delete order product",
      "content_type": 14,
      "codename": "delete_orderproduct"
    }
  },
  {
    "model": "auth.permission",
    "pk": 56,
    "fields": {
      "name": "Can view order product",
      "content_type": 14,
      "codename": "view_orderproduct"
    }
  },
  {
    "model": "auth.permission",
    "pk": 57,
    "fields": {
      "name": "Can add review rating",
      "content_type": 15,
      "codename": "add_reviewrating"
    }
  },
  {
    "model": "auth.permission",
    "pk": 58,
    "fields": {
      "name": "Can change review rating",
      "content_type": 15,
      "codename": "change_reviewrating"
    }
  },
  {
    "model": "auth.permission",
    "pk": 59,
    "fields": {
      "name": "Can delete review rating",
      "content_type": 15,
      "codename": "delete_reviewrating"
    }
  },
  {
    "model": "auth.permission",
    "pk": 60,
    "fields": {
      "name": "Can view review rating",
      "content_type": 15,
      "codename": "view_reviewrating"
    }
  },
  {
    "model": "auth.permission",
    "pk": 61,
    "fields": {
      "name": "Can add user profile",
      "content_type": 16,
      "codename": "add_userprofile"
    }
  },
  {
    "model": "auth.permission",
    "pk": 62,
    "fields": {
      "name": "Can change user profile",
      "content_type": 16,
      "codename": "change_userprofile"
    }
  },
  {
    "model": "auth.permission",
    "pk": 63,
    "fields": {
      "name": "Can delete user profile",
      "content_type": 16,
      "codename": "delete_userprofile"
    }
  },
  {
    "model": "auth.permission",
    "pk": 64,
    "fields": {
      "name": "Can view user profile",
      "content_type": 16,
      "codename": "view_userprofile"
    }
  },
  {
    "model": "auth.permission",
    "pk": 65,
    "fields": {
      "name": "Can add login attempt",
      "content_type": 17,
      "codename": "add_loginattempt"
    }
  },
  {
    "model": "auth.permission",
    "pk": 66,
    "fields": {
      "name": "Can change login attempt",
      "content_type": 17,
      "codename": "change_loginattempt"
    }
  },
  {
    "model": "auth.permission",
    "pk": 67,
    "fields": {
      "name": "Can delete login attempt",
      "content_type": 17,
      "codename": "delete_loginattempt"
    }
  },
  {
    "model": "auth.permission",
    "pk": 68,
    "fields": {
      "name": "Can view login attempt",
      "content_type": 17,
      "codename": "view_loginattempt"
    }
  },
  {
    "model": "auth.permission",
    "pk": 69,
    "fields": {
      "name": "Can add product gallery",
      "content_type": 18,
      "codename": "add_productgallery"
    }
  },
  {
    "model": "auth.permission",
    "pk": 70,
    "fields": {
      "name": "Can change product gallery",
      "content_type": 18,
      "codename": "change_productgallery"
    }
  },
  {
    "model": "auth.permission",
    "pk": 71,
    "fields": {
      "name": "Can delete product gallery",
      "content_type": 18,
      "codename": "delete_productgallery"
    }
  },
  {
    "model": "auth.permission",
    "pk": 72,
    "fields": {
      "name": "Can view product gallery",
      "content_type": 18,
      "codename": "view_productgallery"
    }
  },
  {
    "model": "contenttypes.contenttype",
    "pk": 1,
    "fields": { "app_label": "admin", "model": "logentry" }
  },
  {
    "model": "contenttypes.contenttype",
    "pk": 2,
    "fields": { "app_label": "auth", "model": "permission" }
  },
  {
    "model": "contenttypes.contenttype",
    "pk": 3,
    "fields": { "app_label": "auth", "model": "group" }
  },
  {
    "model": "contenttypes.contenttype",
    "pk": 4,
    "fields": { "app_label": "contenttypes", "model": "contenttype" }
  },
  {
    "model": "contenttypes.contenttype",
    "pk": 5,
    "fields": { "app_label": "sessions", "model": "session" }
  },
  {
    "model": "contenttypes.contenttype",
    "pk": 6,
    "fields": { "app_label": "category", "model": "category" }
  },
  {
    "model": "contenttypes.contenttype",
    "pk": 7,
    "fields": { "app_label": "accounts", "model": "account" }
  },
  {
    "model": "contenttypes.contenttype",
    "pk": 8,
    "fields": { "app_label": "store", "model": "product" }
  },
  {
    "model": "contenttypes.contenttype",
    "pk": 9,
    "fields": { "app_label": "carts", "model": "cart" }
  },
  {
    "model": "contenttypes.contenttype",
    "pk": 10,
    "fields": { "app_label": "carts", "model": "cartitem" }
  },
  {
    "model": "contenttypes.contenttype",
    "pk": 11,
    "fields": { "app_label": "store", "model": "variation" }
  },
  {
    "model": "contenttypes.contenttype",
    "pk": 12,
    "fields": { "app_label": "orders", "model": "payment" }
  },
  {
    "model": "contenttypes.contenttype",
    "pk": 13,
    "fields": { "app_label": "orders", "model": "order" }
  },
  {
    "model": "contenttypes.contenttype",
    "pk": 14,
    "fields": { "app_label": "orders", "model": "orderproduct" }
  },
  {
    "model": "contenttypes.contenttype",
    "pk": 15,
    "fields": { "app_label": "store", "model": "reviewrating" }
  },
  {
    "model": "contenttypes.contenttype",
    "pk": 16,
    "fields": { "app_label": "accounts", "model": "userprofile" }
  },
  {
    "model": "contenttypes.contenttype",
    "pk": 17,
    "fields": { "app_label": "admin_honeypot", "model": "loginattempt" }
  },
  {
    "model": "contenttypes.contenttype",
    "pk": 18,
    "fields": { "app_label": "store", "model": "productgallery" }
  },
  {
    "model": "sessions.session",
    "pk": "1ef1itl2ougmwuy66c8nkbmf8feipmnf",
    "fields": {
      "session_data": ".eJxVjrkOwyAQRP-FOkLLsfgo0-cbEAs4JgdEBldR_j225MbtvDej-TJbY62pZJtyarald6zNvT-WjcIolKARgGulVYd4YdatbbZrjYtNgY1MsFNGzj9j3kF4uHwv3JfclkR8V_hBK7-VEF_Xwz0NzK7OWxvl1CkZ_ESkKEQIwvXCaDIDoAgEEYOm7ZgE7zxMxpDAQZLsoSNwSrLfHwm8RhY:1mf9O8:iZhMmfGsKoLx1tHBqZfFZZr2VX2UpCpvLuprT9kNypU",
      "expire_date": "2021-11-08T23:28:20.456Z"
    }
  },
  {
    "model": "sessions.session",
    "pk": "35at4chre86f0lopkvyf23ngbhoysio8",
    "fields": {
      "session_data": "e30:1mZ49O:y4OLvgNp6TD2-H59GNXDdmHdN3CgnYno0Btnzt2LVV4",
      "expire_date": "2021-10-23T04:39:58.678Z"
    }
  },
  {
    "model": "sessions.session",
    "pk": "jwh9rgehjun420u4tf9qocstss5ceupp",
    "fields": {
      "session_data": "eyJfc2Vzc2lvbl9pbml0X3RpbWVzdGFtcF8iOjE2MzUxMDIyOTEuMjc4Nzg1Mn0:1meinb:3Nf50Kve0XJOoa1IpwMFaWRYSF0dFUOouIzEqducopU",
      "expire_date": "2021-11-07T19:04:51.417Z"
    }
  },
  {
    "model": "sessions.session",
    "pk": "lc77ytkfo8mo09srrn8g59865561l5a0",
    "fields": {
      "session_data": "e30:1mYXGK:Oj904B_P_7UmbJWxN1Xs1taUX8QAJxmWeUUEWecAeWk",
      "expire_date": "2021-10-21T17:32:56.257Z"
    }
  },
  {
    "model": "sessions.session",
    "pk": "lsqs5nqe2v6bzstgqwva3se3ve8r4yz0",
    "fields": {
      "session_data": ".eJxVjMsOwiAQRf-FtSE8OrS4dO83kBkGpGogKe3K-O_apAvd3nPOfYmA21rC1tMSZhZnocXpdyOMj1R3wHestyZjq-syk9wVedAur43T83K4fwcFe_nWWROTsz6iZ60BED3hgMYZaxTHaWLrMRMD5DQqpcdkbFYKHA6kwYF4fwD5eDfo:1mbm7B:UnS3SJb8__ab9AJ8d7TpPhMrwD3TkkZbXVKEboLO3G8",
      "expire_date": "2021-10-30T16:00:53.311Z"
    }
  },
  {
    "model": "sessions.session",
    "pk": "qp6gygv80iy6rlrjahlss8av1j1b4x5c",
    "fields": {
      "session_data": ".eJxVjMsOwiAQRf-FtSE8OrS4dO83kBkGpGogKe3K-O_apAvd3nPOfYmA21rC1tMSZhZnocXpdyOMj1R3wHestyZjq-syk9wVedAur43T83K4fwcFe_nWWROTsz6iZ60BED3hgMYZaxTHaWLrMRMD5DQqpcdkbFYKHA6kwYF4fwD5eDfo:1mbAeE:hR0vLtpYAyWWK3FXJYBzWInZJjeRdEog2yxpAMx59Ys",
      "expire_date": "2021-10-29T00:00:30.475Z"
    }
  },
  {
    "model": "sessions.session",
    "pk": "yjn11dqww81ni4rjnwqlk0ymtugjh88g",
    "fields": {
      "session_data": ".eJxVjMsOwiAQRf-FtSE8OrS4dO83kBkGpGogKe3K-O_apAvd3nPOfYmA21rC1tMSZhZnocXpdyOMj1R3wHestyZjq-syk9wVedAur43T83K4fwcFe_nWWROTsz6iZ60BED3hgMYZaxTHaWLrMRMD5DQqpcdkbFYKHA6kwYF4fwD5eDfo:1mSrJ8:jEgChjPs3op4ikYCDhWt-vEKJn2s70fYkby0p2PwTMM",
      "expire_date": "2021-10-06T01:44:22.758Z"
    }
  },
  {
    "model": "sessions.session",
    "pk": "ynxubnue1kn6fwn2pu0wryad2y4ad1me",
    "fields": {
      "session_data": ".eJxVjMsOwiAQRf-FtSE8OrS4dO83kBkGpGogKe3K-O_apAvd3nPOfYmA21rC1tMSZhZnocXpdyOMj1R3wHestyZjq-syk9wVedAur43T83K4fwcFe_nWWROTsz6iZ60BED3hgMYZaxTHaWLrMRMD5DQqpcdkbFYKHA6kwYF4fwD5eDfo:1mXw9i:wqIXErNhBnjH14i7zonz4famEdcmuYSl2AF_nBLeYfc",
      "expire_date": "2021-10-20T01:55:38.182Z"
    }
  },
  {
    "model": "category.category",
    "pk": 1,
    "fields": {
      "category_name": "Anonymus",
      "description": "Es una seccin de cosas hacker",
      "slug": "anonymus",
      "cat_image": "photos/categories/wallpaperflare.com_wallpaper_14.jpg"
    }
  },
  {
    "model": "category.category",
    "pk": 2,
    "fields": {
      "category_name": "girls",
      "description": "Girls clothes",
      "slug": "girls",
      "cat_image": "photos/categories/wallpaperflare.com_wallpaper_26.jpg"
    }
  },
  {
    "model": "category.category",
    "pk": 3,
    "fields": {
      "category_name": "Invierno/hombres",
      "description": "Ropa de invierno",
      "slug": "inviernohombres",
      "cat_image": "photos/categories/2.jpg"
    }
  },
  {
    "model": "category.category",
    "pk": 4,
    "fields": {
      "category_name": "Ropa Verano Hombres",
      "description": "Ropa de verano para hombres",
      "slug": "ropa-verano-hombres",
      "cat_image": "photos/categories/1.jpg"
    }
  },
  {
    "model": "category.category",
    "pk": 5,
    "fields": {
      "category_name": "Relojes",
      "description": "Relos de todo tipo",
      "slug": "relojes",
      "cat_image": "photos/categories/1001.jpg"
    }
  },
  {
    "model": "category.category",
    "pk": 6,
    "fields": {
      "category_name": "Tablets",
      "description": "Tablets en android y ios",
      "slug": "tablets",
      "cat_image": "photos/categories/1002.jpg"
    }
  },
  {
    "model": "category.category",
    "pk": 7,
    "fields": {
      "category_name": "computadores Personales",
      "description": "Computadores personales",
      "slug": "computadores-personales",
      "cat_image": "photos/categories/1006.jpg"
    }
  },
  {
    "model": "category.category",
    "pk": 8,
    "fields": {
      "category_name": "Hombres",
      "description": "Ropa diaria para hombres",
      "slug": "hombres",
      "cat_image": "photos/categories/1000.jpg"
    }
  },
  {
    "model": "category.category",
    "pk": 9,
    "fields": {
      "category_name": "Gamers",
      "description": "Productos para games",
      "slug": "gamers",
      "cat_image": "photos/categories/wallpaperflare.com_wallpaper_13.jpg"
    }
  },
  {
    "model": "accounts.account",
    "pk": 1,
    "fields": {
      "password": "pbkdf2_sha256$260000$3O4vI0oANP4p2l77jTWnAe$Xbe1EuCsay77kgdwAjMzjAVWF8zX0PwnflmTaOcWpX4=",
      "first_name": "Ricardo",
      "last_name": "Sanchez",
      "username": "rychy",
      "email": "jorgeajrha@gmail.com",
      "phone_number": "42090991",
      "date_joined": "2021-09-19T21:29:33.894Z",
      "last_login": "2021-10-25T22:13:39.478Z",
      "is_admin": true,
      "is_staff": true,
      "is_active": true,
      "is_superuser": true,
      "groups": [],
      "user_permissions": []
    }
  },
  {
    "model": "accounts.account",
    "pk": 14,
    "fields": {
      "password": "pbkdf2_sha256$260000$KhOuaQzqd8HSbzmx4KdaqY$RrtgK5I1Dsf0XKPEbdujmO9bUCQDX2QP/epuFxQ6qA0=",
      "first_name": "Nestor",
      "last_name": "Favilo",
      "username": "desarrolloweb248",
      "email": "desarrolloweb248@gmail.com",
      "phone_number": "1234",
      "date_joined": "2021-10-07T19:42:15.117Z",
      "last_login": "2021-10-09T00:58:22.983Z",
      "is_admin": false,
      "is_staff": false,
      "is_active": true,
      "is_superuser": false,
      "groups": [],
      "user_permissions": []
    }
  },
  {
    "model": "accounts.account",
    "pk": 15,
    "fields": {
      "password": "pbkdf2_sha256$260000$UWcbOD8krb5jV5FoiIG3VT$T/c0alYlNGHcAkc0cE4WGNfdLuWIuTbyIG679j5iXQ4=",
      "first_name": "Willy",
      "last_name": "Castillo",
      "username": "MyLittleViruz",
      "email": "MyLittleViruz@outlook.es",
      "phone_number": "1234",
      "date_joined": "2021-10-09T04:30:07.313Z",
      "last_login": "2021-10-09T04:39:33.363Z",
      "is_admin": false,
      "is_staff": false,
      "is_active": true,
      "is_superuser": false,
      "groups": [],
      "user_permissions": []
    }
  },
  {
    "model": "accounts.account",
    "pk": 16,
    "fields": {
      "password": "123456789otro",
      "first_name": "otro",
      "last_name": "werw",
      "username": "jorgeajrerh",
      "email": "jorgeajrerh@gmail.com",
      "phone_number": "2342342",
      "date_joined": "2021-10-19T00:12:01.299Z",
      "last_login": "2021-10-19T00:12:01.299Z",
      "is_admin": false,
      "is_staff": false,
      "is_active": false,
      "is_superuser": false,
      "groups": [],
      "user_permissions": []
    }
  },
  {
    "model": "accounts.userprofile",
    "pk": 1,
    "fields": {
      "user": 1,
      "address_line_1": "San Andres Sajcabaja",
      "address_line_2": "Santa Cruz del Quiche",
      "profile_picture": "user_profile/Cap1tura.PNG",
      "city": "San Andrs Sajcabaj",
      "state": "Quich",
      "country": "Guatemala"
    }
  },
  {
    "model": "store.product",
    "pk": 1,
    "fields": {
      "product_name": "Mask",
      "slug": "mask",
      "description": "Mascaras de anoymus",
      "price": 1.0,
      "images": "photos/products/wallpaperflare.com_wallpaper_15.jpg",
      "stock": 492,
      "is_available": true,
      "category": 1,
      "created_date": "2021-09-19T23:28:33.728Z",
      "modified_date": "2021-10-19T00:39:59.810Z"
    }
  },
  {
    "model": "store.product",
    "pk": 2,
    "fields": {
      "product_name": "Chumpa",
      "slug": "Chumpa",
      "description": "Chumpa para invierno",
      "price": 500.0,
      "images": "photos/products/2.jpg",
      "stock": 25,
      "is_available": true,
      "category": 3,
      "created_date": "2021-09-21T14:39:51.171Z",
      "modified_date": "2021-09-21T14:40:38.613Z"
    }
  },
  {
    "model": "store.product",
    "pk": 3,
    "fields": {
      "product_name": "Camisa Polo",
      "slug": "camisa-polo",
      "description": "Camisa tipo polo para hombres",
      "price": 1.0,
      "images": "photos/products/1_XeOQmwB.jpg",
      "stock": 7996,
      "is_available": true,
      "category": 4,
      "created_date": "2021-09-21T14:42:04.004Z",
      "modified_date": "2021-10-19T00:40:00.490Z"
    }
  },
  {
    "model": "store.product",
    "pk": 4,
    "fields": {
      "product_name": "Apple Watch",
      "slug": "apple-watch",
      "description": "EL ms inteligente reloj en el mercado actual",
      "price": 350.0,
      "images": "photos/products/1001.jpg",
      "stock": 15,
      "is_available": true,
      "category": 5,
      "created_date": "2021-09-21T14:43:15.993Z",
      "modified_date": "2021-09-21T14:43:15.994Z"
    }
  },
  {
    "model": "store.product",
    "pk": 5,
    "fields": {
      "product_name": "Ipad Pro",
      "slug": "ipad-pro",
      "description": "Ipad pro, si te portabilidad y tecnologia se trata este es tu tablet",
      "price": 1500.0,
      "images": "photos/products/1002.jpg",
      "stock": 15,
      "is_available": true,
      "category": 6,
      "created_date": "2021-09-21T14:44:40.196Z",
      "modified_date": "2021-09-21T14:44:40.196Z"
    }
  },
  {
    "model": "store.product",
    "pk": 6,
    "fields": {
      "product_name": "Mac Book",
      "slug": "mac-book",
      "description": "De la linea Apple",
      "price": 8000.0,
      "images": "photos/products/1006.jpg",
      "stock": 78,
      "is_available": true,
      "category": 7,
      "created_date": "2021-09-21T14:45:48.281Z",
      "modified_date": "2021-09-21T14:45:48.281Z"
    }
  },
  {
    "model": "store.product",
    "pk": 7,
    "fields": {
      "product_name": "Camisa",
      "slug": "camisa",
      "description": "Camisa de mangas cortas para caballeros",
      "price": 200.0,
      "images": "photos/products/1000.jpg",
      "stock": 48,
      "is_available": true,
      "category": 8,
      "created_date": "2021-09-22T01:28:58.081Z",
      "modified_date": "2021-09-22T01:29:15.251Z"
    }
  },
  {
    "model": "store.product",
    "pk": 8,
    "fields": {
      "product_name": "Chapulines",
      "slug": "chapulines",
      "description": "Converse, chapulines, para hombre o mujer",
      "price": 455.0,
      "images": "photos/products/12.jpg",
      "stock": 100,
      "is_available": true,
      "category": 8,
      "created_date": "2021-09-22T01:30:11.754Z",
      "modified_date": "2021-09-22T01:30:11.754Z"
    }
  },
  {
    "model": "store.product",
    "pk": 9,
    "fields": {
      "product_name": "Mochila",
      "slug": "mochila",
      "description": "Mochila Femenina",
      "price": 800.0,
      "images": "photos/products/4.jpg",
      "stock": 0,
      "is_available": true,
      "category": 2,
      "created_date": "2021-09-22T01:45:23.560Z",
      "modified_date": "2021-09-22T21:56:27.835Z"
    }
  },
  {
    "model": "store.product",
    "pk": 10,
    "fields": {
      "product_name": "Pantalones Cortos",
      "slug": "pantalones-cortos",
      "description": "Pantalones cortos femeninos para la playa",
      "price": 100.0,
      "images": "photos/products/3.jpg",
      "stock": 78,
      "is_available": true,
      "category": 2,
      "created_date": "2021-09-22T01:46:11.877Z",
      "modified_date": "2021-09-22T01:46:25.992Z"
    }
  },
  {
    "model": "store.product",
    "pk": 11,
    "fields": {
      "product_name": "Silla Gamer",
      "slug": "silla-gamer",
      "description": "Una de las mas cmodas sillas gamers, en la actualidad, ideal para las sesiones de juego y euforia.",
      "price": 4555.0,
      "images": "photos/products/1005.jpg",
      "stock": 488,
      "is_available": true,
      "category": 9,
      "created_date": "2021-09-25T02:00:18.821Z",
      "modified_date": "2021-09-25T02:00:18.821Z"
    }
  },
  {
    "model": "store.product",
    "pk": 12,
    "fields": {
      "product_name": "Computadora",
      "slug": "computadora",
      "description": "Computadora personal de ultima generacin, ideal para estudiantes universitarios, POTENCIA, VELOCIDAD Y CAPACIDAD EN UNO SOLO!",
      "price": 5000.0,
      "images": "photos/products/300.jpg",
      "stock": 80,
      "is_available": true,
      "category": 7,
      "created_date": "2021-10-07T17:15:41.605Z",
      "modified_date": "2021-10-07T17:15:41.605Z"
    }
  },
  {
    "model": "store.product",
    "pk": 13,
    "fields": {
      "product_name": "mouse",
      "slug": "mouse",
      "description": "Mouse Gamer para verdaderos gamers",
      "price": 1.0,
      "images": "photos/products/wallpaperflare.com_wallpaper_36.jpg",
      "stock": 497,
      "is_available": true,
      "category": 9,
      "created_date": "2021-10-15T03:04:38.803Z",
      "modified_date": "2021-10-25T23:12:19.697Z"
    }
  },
  {
    "model": "store.variation",
    "pk": 1,
    "fields": {
      "product": 3,
      "variation_category": "color",
      "variation_value": "Rojo",
      "is_active": true,
      "created_date": "2021-10-05T22:14:45.959Z"
    }
  },
  {
    "model": "store.variation",
    "pk": 2,
    "fields": {
      "product": 3,
      "variation_category": "color",
      "variation_value": "Negro",
      "is_active": true,
      "created_date": "2021-10-05T22:14:55.142Z"
    }
  },
  {
    "model": "store.variation",
    "pk": 3,
    "fields": {
      "product": 3,
      "variation_category": "color",
      "variation_value": "azul",
      "is_active": true,
      "created_date": "2021-10-05T22:15:03.709Z"
    }
  },
  {
    "model": "store.variation",
    "pk": 4,
    "fields": {
      "product": 3,
      "variation_category": "talla",
      "variation_value": "S",
      "is_active": true,
      "created_date": "2021-10-05T22:15:14.507Z"
    }
  },
  {
    "model": "store.variation",
    "pk": 5,
    "fields": {
      "product": 3,
      "variation_category": "talla",
      "variation_value": "XL",
      "is_active": true,
      "created_date": "2021-10-05T22:15:25.005Z"
    }
  },
  {
    "model": "store.variation",
    "pk": 6,
    "fields": {
      "product": 3,
      "variation_category": "talla",
      "variation_value": "L",
      "is_active": true,
      "created_date": "2021-10-05T22:15:31.981Z"
    }
  },
  {
    "model": "store.variation",
    "pk": 7,
    "fields": {
      "product": 1,
      "variation_category": "color",
      "variation_value": "Negro",
      "is_active": true,
      "created_date": "2021-10-06T02:12:55.447Z"
    }
  },
  {
    "model": "store.variation",
    "pk": 8,
    "fields": {
      "product": 1,
      "variation_category": "talla",
      "variation_value": "Unique",
      "is_active": true,
      "created_date": "2021-10-06T02:13:06.383Z"
    }
  },
  {
    "model": "store.variation",
    "pk": 9,
    "fields": {
      "product": 12,
      "variation_category": "color",
      "variation_value": "Negro",
      "is_active": true,
      "created_date": "2021-10-07T17:16:01.127Z"
    }
  },
  {
    "model": "store.variation",
    "pk": 10,
    "fields": {
      "product": 12,
      "variation_category": "color",
      "variation_value": "azul",
      "is_active": true,
      "created_date": "2021-10-07T17:16:12.353Z"
    }
  },
  {
    "model": "store.variation",
    "pk": 11,
    "fields": {
      "product": 12,
      "variation_category": "color",
      "variation_value": "Gris",
      "is_active": true,
      "created_date": "2021-10-07T17:16:22.853Z"
    }
  },
  {
    "model": "store.variation",
    "pk": 12,
    "fields": {
      "product": 12,
      "variation_category": "talla",
      "variation_value": "Unique",
      "is_active": true,
      "created_date": "2021-10-07T17:16:32.862Z"
    }
  },
  {
    "model": "store.variation",
    "pk": 13,
    "fields": {
      "product": 13,
      "variation_category": "color",
      "variation_value": "Negro",
      "is_active": true,
      "created_date": "2021-10-15T03:05:53.066Z"
    }
  },
  {
    "model": "store.variation",
    "pk": 14,
    "fields": {
      "product": 13,
      "variation_category": "color",
      "variation_value": "Rojo",
      "is_active": true,
      "created_date": "2021-10-15T03:06:02.481Z"
    }
  },
  {
    "model": "store.variation",
    "pk": 15,
    "fields": {
      "product": 13,
      "variation_category": "talla",
      "variation_value": "Unique",
      "is_active": true,
      "created_date": "2021-10-15T03:06:11.008Z"
    }
  },
  {
    "model": "store.variation",
    "pk": 16,
    "fields": {
      "product": 13,
      "variation_category": "color",
      "variation_value": "Gris",
      "is_active": true,
      "created_date": "2021-10-15T03:06:34.208Z"
    }
  },
  {
    "model": "store.reviewrating",
    "pk": 1,
    "fields": {
      "product": 3,
      "user": 1,
      "subject": "Perfecta",
      "review": "Es perfecta, me siento muy contento de llevar puesta esta camisa!",
      "rating": 5.0,
      "ip": "127.0.0.1",
      "status": true,
      "created_at": "2021-10-16T20:00:59.261Z",
      "updated_at": "2021-10-17T01:24:55.958Z"
    }
  },
  {
    "model": "store.reviewrating",
    "pk": 2,
    "fields": {
      "product": 3,
      "user": 15,
      "subject": "Muy bien",
      "review": "Me encanta, no hay ms!",
      "rating": 4.0,
      "ip": "127.0.0.1",
      "status": true,
      "created_at": "2021-10-17T01:23:14.958Z",
      "updated_at": "2021-10-17T01:23:14.958Z"
    }
  },
  {
    "model": "store.reviewrating",
    "pk": 3,
    "fields": {
      "product": 3,
      "user": 14,
      "subject": "Bueno, pasa",
      "review": "Me queda bien, pero no se algo no me convence",
      "rating": 3.5,
      "ip": "127.0.0.1",
      "status": true,
      "created_at": "2021-10-17T01:25:49.546Z",
      "updated_at": "2021-10-17T01:33:11.714Z"
    }
  },
  {
    "model": "store.reviewrating",
    "pk": 4,
    "fields": {
      "product": 1,
      "user": 1,
      "subject": "Genial",
      "review": "Esto es lo que buscaba!",
      "rating": 4.0,
      "ip": "127.0.0.1",
      "status": true,
      "created_at": "2021-10-17T02:02:36.527Z",
      "updated_at": "2021-10-17T02:02:36.527Z"
    }
  },
  {
    "model": "store.reviewrating",
    "pk": 5,
    "fields": {
      "product": 13,
      "user": 1,
      "subject": "Muy bien",
      "review": "Este mouse me hace sentir muy cmodo",
      "rating": 5.0,
      "ip": "127.0.0.1",
      "status": true,
      "created_at": "2021-10-19T00:45:21.477Z",
      "updated_at": "2021-10-19T00:45:41.055Z"
    }
  },
  {
    "model": "store.productgallery",
    "pk": 1,
    "fields": {
      "product": 13,
      "image": "store/products/wallpaperflare.com_wallpaper_26.jpg"
    }
  },
  {
    "model": "store.productgallery",
    "pk": 2,
    "fields": {
      "product": 13,
      "image": "store/products/wallpaperflare.com_wallpaper_28.jpg"
    }
  },
  {
    "model": "carts.cart",
    "pk": 28,
    "fields": {
      "cart_id": "fnxo4hn98iiqylq89yntuhg0tug5150s",
      "day_added": "2021-10-13"
    }
  },
  {
    "model": "carts.cart",
    "pk": 29,
    "fields": {
      "cart_id": "2e5z72zibyzwxju2t3o4oaplr0m7pd7w",
      "day_added": "2021-10-16"
    }
  },
  {
    "model": "carts.cartitem",
    "pk": 110,
    "fields": {
      "user": 1,
      "product": 13,
      "cart": null,
      "quantity": 4,
      "is_active": true,
      "variations": [14, 15]
    }
  },
  {
    "model": "orders.payment",
    "pk": 1,
    "fields": {
      "user": 1,
      "payment_id": "5H929600RR039703G",
      "payment_method": "PayPal",
      "amount_id": "2.04",
      "status": "COMPLETED",
      "created_at": "2021-10-14T23:08:15.330Z"
    }
  },
  {
    "model": "orders.payment",
    "pk": 2,
    "fields": {
      "user": 1,
      "payment_id": "9MB47839J27794251",
      "payment_method": "PayPal",
      "amount_id": "1.02",
      "status": "COMPLETED",
      "created_at": "2021-10-14T23:37:14.138Z"
    }
  },
  {
    "model": "orders.payment",
    "pk": 3,
    "fields": {
      "user": 1,
      "payment_id": "1P242136B6779503Y",
      "payment_method": "PayPal",
      "amount_id": "2.04",
      "status": "COMPLETED",
      "created_at": "2021-10-14T23:45:33.852Z"
    }
  },
  {
    "model": "orders.payment",
    "pk": 4,
    "fields": {
      "user": 1,
      "payment_id": "1PN63374F07817031",
      "payment_method": "PayPal",
      "amount_id": "2.04",
      "status": "COMPLETED",
      "created_at": "2021-10-14T23:51:09.401Z"
    }
  },
  {
    "model": "orders.payment",
    "pk": 5,
    "fields": {
      "user": 1,
      "payment_id": "8BL68867UN950921V",
      "payment_method": "PayPal",
      "amount_id": "206.04",
      "status": "COMPLETED",
      "created_at": "2021-10-15T19:39:20.211Z"
    }
  },
  {
    "model": "orders.payment",
    "pk": 6,
    "fields": {
      "user": 1,
      "payment_id": "3Y683136H36505152",
      "payment_method": "PayPal",
      "amount_id": "1.02",
      "status": "COMPLETED",
      "created_at": "2021-10-15T19:42:48.066Z"
    }
  },
  {
    "model": "orders.payment",
    "pk": 7,
    "fields": {
      "user": 1,
      "payment_id": "0RU71566S0173074M",
      "payment_method": "PayPal",
      "amount_id": "1.02",
      "status": "COMPLETED",
      "created_at": "2021-10-15T19:46:47.533Z"
    }
  },
  {
    "model": "orders.payment",
    "pk": 8,
    "fields": {
      "user": 1,
      "payment_id": "7RF569913X627734U",
      "payment_method": "PayPal",
      "amount_id": "1.02",
      "status": "COMPLETED",
      "created_at": "2021-10-15T19:50:36.978Z"
    }
  },
  {
    "model": "orders.payment",
    "pk": 9,
    "fields": {
      "user": 1,
      "payment_id": "7UN94872VK4045502",
      "payment_method": "PayPal",
      "amount_id": "2.04",
      "status": "COMPLETED",
      "created_at": "2021-10-15T20:36:43.777Z"
    }
  },
  {
    "model": "orders.payment",
    "pk": 10,
    "fields": {
      "user": 1,
      "payment_id": "16R15485NX494853U",
      "payment_method": "PayPal",
      "amount_id": "1.02",
      "status": "COMPLETED",
      "created_at": "2021-10-15T23:58:47.379Z"
    }
  },
  {
    "model": "orders.payment",
    "pk": 11,
    "fields": {
      "user": 1,
      "payment_id": "4BP509561E350610V",
      "payment_method": "PayPal",
      "amount_id": "3.06",
      "status": "COMPLETED",
      "created_at": "2021-10-16T15:58:43.952Z"
    }
  },
  {
    "model": "orders.payment",
    "pk": 12,
    "fields": {
      "user": 1,
      "payment_id": "9GR298166L253723Y",
      "payment_method": "PayPal",
      "amount_id": "3.06",
      "status": "COMPLETED",
      "created_at": "2021-10-19T00:39:59.328Z"
    }
  },
  {
    "model": "orders.order",
    "pk": 1,
    "fields": {
      "user": 1,
      "payment": null,
      "order_number": "00210000:00:001",
      "first_name": "Rychy",
      "last_name": "Hernndez",
      "phone": "45127845",
      "email": "jorgeajrha@gmail.com",
      "address_line_1": "sas",
      "address_line_2": "sas2",
      "state": "quiche",
      "city": "quiche",
      "country": "guatemala",
      "order_note": "hola mundo!",
      "order_total": 96.9,
      "impuesto": 1.9,
      "status": "New",
      "ip": "127.0.0.1",
      "is_ordered": false,
      "created_at": "2021-10-13T20:49:04.436Z",
      "updated_at": "2021-10-13T20:49:04.436Z"
    }
  },
  {
    "model": "orders.order",
    "pk": 2,
    "fields": {
      "user": 1,
      "payment": null,
      "order_number": "00210000:00:002",
      "first_name": "Ricardo",
      "last_name": "Hernndez",
      "phone": "45127845",
      "email": "jorgeajrha@gmail.com",
      "address_line_1": "sas",
      "address_line_2": "sas2",
      "state": "quiche",
      "city": "quiche",
      "country": "guatemala",
      "order_note": "Hola Mundo Como estamo!",
      "order_total": 96.9,
      "impuesto": 1.9,
      "status": "New",
      "ip": "127.0.0.1",
      "is_ordered": false,
      "created_at": "2021-10-13T22:37:24.743Z",
      "updated_at": "2021-10-13T22:37:24.743Z"
    }
  },
  {
    "model": "orders.order",
    "pk": 3,
    "fields": {
      "user": 1,
      "payment": null,
      "order_number": "00210000:00:003",
      "first_name": "Ricardo",
      "last_name": "Hernndez",
      "phone": "45127845",
      "email": "jorgeajrha@gmail.com",
      "address_line_1": "sas",
      "address_line_2": "sas2",
      "state": "quiche",
      "city": "quiche",
      "country": "guatemala",
      "order_note": "Hola Mundo Como estamo!",
      "order_total": 96.9,
      "impuesto": 1.9,
      "status": "New",
      "ip": "127.0.0.1",
      "is_ordered": false,
      "created_at": "2021-10-13T22:38:45.520Z",
      "updated_at": "2021-10-13T22:38:45.520Z"
    }
  },
  {
    "model": "orders.order",
    "pk": 4,
    "fields": {
      "user": 1,
      "payment": null,
      "order_number": "00210000:00:004",
      "first_name": "Ricardo",
      "last_name": "Hernndez",
      "phone": "45127845",
      "email": "jorgeajrha@gmail.com",
      "address_line_1": "sas",
      "address_line_2": "sas2",
      "state": "quiche",
      "city": "quiche",
      "country": "guatemala",
      "order_note": "Hola Mundo Como estamo!",
      "order_total": 96.9,
      "impuesto": 1.9,
      "status": "New",
      "ip": "127.0.0.1",
      "is_ordered": false,
      "created_at": "2021-10-13T22:40:29.391Z",
      "updated_at": "2021-10-13T22:40:29.391Z"
    }
  },
  {
    "model": "orders.order",
    "pk": 5,
    "fields": {
      "user": 1,
      "payment": null,
      "order_number": "00210000:00:005",
      "first_name": "Ricardo",
      "last_name": "Hernndez",
      "phone": "45127845",
      "email": "jorgeajrha@gmail.com",
      "address_line_1": "sas",
      "address_line_2": "sas2",
      "state": "quiche",
      "city": "quiche",
      "country": "guatemala",
      "order_note": "Hola Mundo Como estamo!",
      "order_total": 96.9,
      "impuesto": 1.9,
      "status": "New",
      "ip": "127.0.0.1",
      "is_ordered": false,
      "created_at": "2021-10-13T22:41:34.046Z",
      "updated_at": "2021-10-13T22:41:34.046Z"
    }
  },
  {
    "model": "orders.order",
    "pk": 6,
    "fields": {
      "user": 1,
      "payment": null,
      "order_number": "00210000:00:006",
      "first_name": "Ricardo",
      "last_name": "Hernndez",
      "phone": "45127845",
      "email": "jorgeajrha@gmail.com",
      "address_line_1": "sas",
      "address_line_2": "sas2",
      "state": "quiche",
      "city": "quiche",
      "country": "guatemala",
      "order_note": "Hola Mundo Como estamo!",
      "order_total": 96.9,
      "impuesto": 1.9,
      "status": "New",
      "ip": "127.0.0.1",
      "is_ordered": false,
      "created_at": "2021-10-13T22:41:51.086Z",
      "updated_at": "2021-10-13T22:41:51.086Z"
    }
  },
  {
    "model": "orders.order",
    "pk": 7,
    "fields": {
      "user": 1,
      "payment": null,
      "order_number": "00210000:00:007",
      "first_name": "Ricardo",
      "last_name": "Hernndez",
      "phone": "45127845",
      "email": "jorgeajrha@gmail.com",
      "address_line_1": "sas",
      "address_line_2": "sas2",
      "state": "quiche",
      "city": "quiche",
      "country": "guatemala",
      "order_note": "Hola Mundo Como estamo!",
      "order_total": 96.9,
      "impuesto": 1.9,
      "status": "New",
      "ip": "127.0.0.1",
      "is_ordered": false,
      "created_at": "2021-10-13T22:42:34.358Z",
      "updated_at": "2021-10-13T22:42:34.358Z"
    }
  },
  {
    "model": "orders.order",
    "pk": 8,
    "fields": {
      "user": 1,
      "payment": null,
      "order_number": "00210000:00:008",
      "first_name": "Ricardo",
      "last_name": "Hernndez",
      "phone": "45127845",
      "email": "jorgeajrha@gmail.com",
      "address_line_1": "sas",
      "address_line_2": "sas2",
      "state": "quiche",
      "city": "quiche",
      "country": "guatemala",
      "order_note": "Hola Mundo Como estamo!",
      "order_total": 96.9,
      "impuesto": 1.9,
      "status": "New",
      "ip": "127.0.0.1",
      "is_ordered": false,
      "created_at": "2021-10-13T22:43:02.829Z",
      "updated_at": "2021-10-13T22:43:02.829Z"
    }
  },
  {
    "model": "orders.order",
    "pk": 9,
    "fields": {
      "user": 1,
      "payment": null,
      "order_number": "00210000:00:009",
      "first_name": "Ricardo",
      "last_name": "Hernndez",
      "phone": "45127845",
      "email": "jorgeajrha@gmail.com",
      "address_line_1": "sas",
      "address_line_2": "sas2",
      "state": "quiche",
      "city": "quiche",
      "country": "guatemala",
      "order_note": "Hola Mundo Como estamo!",
      "order_total": 96.9,
      "impuesto": 1.9,
      "status": "New",
      "ip": "127.0.0.1",
      "is_ordered": false,
      "created_at": "2021-10-13T22:43:22.508Z",
      "updated_at": "2021-10-13T22:43:22.508Z"
    }
  },
  {
    "model": "orders.order",
    "pk": 10,
    "fields": {
      "user": 1,
      "payment": null,
      "order_number": "00210000:00:0010",
      "first_name": "Ricardo",
      "last_name": "Hernndez",
      "phone": "45127845",
      "email": "jorgeajrha@gmail.com",
      "address_line_1": "sas",
      "address_line_2": "sas2",
      "state": "quiche",
      "city": "quiche",
      "country": "guatemala",
      "order_note": "Hola Mundo Como estamo!",
      "order_total": 96.9,
      "impuesto": 1.9,
      "status": "New",
      "ip": "127.0.0.1",
      "is_ordered": false,
      "created_at": "2021-10-13T22:43:46.401Z",
      "updated_at": "2021-10-13T22:43:46.401Z"
    }
  },
  {
    "model": "orders.order",
    "pk": 11,
    "fields": {
      "user": 1,
      "payment": null,
      "order_number": "00210000:00:0011",
      "first_name": "Ricardo",
      "last_name": "Hernndez",
      "phone": "45127845",
      "email": "jorgeajrha@gmail.com",
      "address_line_1": "sas",
      "address_line_2": "sas2",
      "state": "quiche",
      "city": "quiche",
      "country": "guatemala",
      "order_note": "Hola Mundo Como estamo!",
      "order_total": 96.9,
      "impuesto": 1.9,
      "status": "New",
      "ip": "127.0.0.1",
      "is_ordered": false,
      "created_at": "2021-10-13T22:45:52.903Z",
      "updated_at": "2021-10-13T22:45:52.903Z"
    }
  },
  {
    "model": "orders.order",
    "pk": 12,
    "fields": {
      "user": 1,
      "payment": null,
      "order_number": "00210000:00:0012",
      "first_name": "Ricardo",
      "last_name": "Hernndez",
      "phone": "45127845",
      "email": "jorgeajrha@gmail.com",
      "address_line_1": "sas",
      "address_line_2": "sas2",
      "state": "quiche",
      "city": "quiche",
      "country": "guatemala",
      "order_note": "Hola Mundo Como estamo!",
      "order_total": 96.9,
      "impuesto": 1.9,
      "status": "New",
      "ip": "127.0.0.1",
      "is_ordered": false,
      "created_at": "2021-10-13T22:50:55.182Z",
      "updated_at": "2021-10-13T22:50:55.182Z"
    }
  },
  {
    "model": "orders.order",
    "pk": 13,
    "fields": {
      "user": 1,
      "payment": null,
      "order_number": "00210000:00:0013",
      "first_name": "Ricardo",
      "last_name": "Hernndez",
      "phone": "45127845",
      "email": "jorgeajrha@gmail.com",
      "address_line_1": "sas",
      "address_line_2": "sas2",
      "state": "quiche",
      "city": "quiche",
      "country": "guatemala",
      "order_note": "Hola Mundo Como estamo!",
      "order_total": 96.9,
      "impuesto": 1.9,
      "status": "New",
      "ip": "127.0.0.1",
      "is_ordered": false,
      "created_at": "2021-10-13T22:51:17.642Z",
      "updated_at": "2021-10-13T22:51:17.642Z"
    }
  },
  {
    "model": "orders.order",
    "pk": 14,
    "fields": {
      "user": 1,
      "payment": null,
      "order_number": "00210000:00:0014",
      "first_name": "Ricardo",
      "last_name": "Hernndez",
      "phone": "45127845",
      "email": "jorgeajrha@gmail.com",
      "address_line_1": "sas",
      "address_line_2": "sas2",
      "state": "quiche",
      "city": "quiche",
      "country": "guatemala",
      "order_note": "Hola Mundo Como estamo!",
      "order_total": 96.9,
      "impuesto": 1.9,
      "status": "New",
      "ip": "127.0.0.1",
      "is_ordered": false,
      "created_at": "2021-10-14T00:43:40.723Z",
      "updated_at": "2021-10-14T00:43:40.723Z"
    }
  },
  {
    "model": "orders.order",
    "pk": 15,
    "fields": {
      "user": 1,
      "payment": null,
      "order_number": "00210000:00:0015",
      "first_name": "Ricardo",
      "last_name": "Hernndez",
      "phone": "45127845",
      "email": "jorgeajrha@gmail.com",
      "address_line_1": "sas",
      "address_line_2": "sas2",
      "state": "quiche",
      "city": "quiche",
      "country": "guatemala",
      "order_note": "Hola Mundo Como estamo!",
      "order_total": 96.9,
      "impuesto": 1.9,
      "status": "New",
      "ip": "127.0.0.1",
      "is_ordered": false,
      "created_at": "2021-10-14T01:00:27.288Z",
      "updated_at": "2021-10-14T01:00:27.288Z"
    }
  },
  {
    "model": "orders.order",
    "pk": 16,
    "fields": {
      "user": 1,
      "payment": null,
      "order_number": "00210000:00:0016",
      "first_name": "Ricardo",
      "last_name": "Hernndez",
      "phone": "45127845",
      "email": "jorgeajrha@gmail.com",
      "address_line_1": "sas",
      "address_line_2": "sas2",
      "state": "quiche",
      "city": "quiche",
      "country": "guatemala",
      "order_note": "sdf",
      "order_total": 2.04,
      "impuesto": 0.04,
      "status": "New",
      "ip": "127.0.0.1",
      "is_ordered": false,
      "created_at": "2021-10-14T22:31:04.472Z",
      "updated_at": "2021-10-14T22:31:04.472Z"
    }
  },
  {
    "model": "orders.order",
    "pk": 17,
    "fields": {
      "user": 1,
      "payment": null,
      "order_number": "00210000:00:0017",
      "first_name": "Ricardo",
      "last_name": "Hernndez",
      "phone": "45127845",
      "email": "jorgeajrha@gmail.com",
      "address_line_1": "sas",
      "address_line_2": "sas2",
      "state": "quiche",
      "city": "quiche",
      "country": "guatemala",
      "order_note": "sdf",
      "order_total": 2.04,
      "impuesto": 0.04,
      "status": "New",
      "ip": "127.0.0.1",
      "is_ordered": false,
      "created_at": "2021-10-14T22:31:41.128Z",
      "updated_at": "2021-10-14T22:31:41.128Z"
    }
  },
  {
    "model": "orders.order",
    "pk": 18,
    "fields": {
      "user": 1,
      "payment": null,
      "order_number": "00210000:00:0018",
      "first_name": "Ricardo",
      "last_name": "Hernndez",
      "phone": "45127845",
      "email": "jorgeajrha@gmail.com",
      "address_line_1": "sas",
      "address_line_2": "sas2",
      "state": "quiche",
      "city": "quiche",
      "country": "guatemala",
      "order_note": "sdf",
      "order_total": 2.04,
      "impuesto": 0.04,
      "status": "New",
      "ip": "127.0.0.1",
      "is_ordered": false,
      "created_at": "2021-10-14T22:34:06.229Z",
      "updated_at": "2021-10-14T22:34:06.229Z"
    }
  },
  {
    "model": "orders.order",
    "pk": 19,
    "fields": {
      "user": 1,
      "payment": null,
      "order_number": "00210000:00:0019",
      "first_name": "Ricardo",
      "last_name": "Hernndez",
      "phone": "45127845",
      "email": "jorgeajrha@gmail.com",
      "address_line_1": "sas",
      "address_line_2": "sas2",
      "state": "quiche",
      "city": "quiche",
      "country": "guatemala",
      "order_note": "sdf",
      "order_total": 2.04,
      "impuesto": 0.04,
      "status": "New",
      "ip": "127.0.0.1",
      "is_ordered": false,
      "created_at": "2021-10-14T22:38:35.712Z",
      "updated_at": "2021-10-14T22:38:35.712Z"
    }
  },
  {
    "model": "orders.order",
    "pk": 20,
    "fields": {
      "user": 1,
      "payment": null,
      "order_number": "00210000:00:0020",
      "first_name": "Ricardo",
      "last_name": "Hernndez",
      "phone": "45127845",
      "email": "jorgeajrha@gmail.com",
      "address_line_1": "sas",
      "address_line_2": "sas2",
      "state": "quiche",
      "city": "quiche",
      "country": "guatemala",
      "order_note": "sdf",
      "order_total": 2.04,
      "impuesto": 0.04,
      "status": "New",
      "ip": "127.0.0.1",
      "is_ordered": false,
      "created_at": "2021-10-14T22:40:40.378Z",
      "updated_at": "2021-10-14T22:40:40.378Z"
    }
  },
  {
    "model": "orders.order",
    "pk": 21,
    "fields": {
      "user": 1,
      "payment": null,
      "order_number": "00210000:00:0021",
      "first_name": "Ricardo",
      "last_name": "Hernndez",
      "phone": "45127845",
      "email": "jorgeajrha@gmail.com",
      "address_line_1": "sas",
      "address_line_2": "sas2",
      "state": "quiche",
      "city": "quiche",
      "country": "guatemala",
      "order_note": "sdf",
      "order_total": 2.04,
      "impuesto": 0.04,
      "status": "New",
      "ip": "127.0.0.1",
      "is_ordered": false,
      "created_at": "2021-10-14T22:45:39.639Z",
      "updated_at": "2021-10-14T22:45:39.639Z"
    }
  },
  {
    "model": "orders.order",
    "pk": 22,
    "fields": {
      "user": 1,
      "payment": null,
      "order_number": "00210000:00:0022",
      "first_name": "Ricardo",
      "last_name": "Hernndez",
      "phone": "45127845",
      "email": "jorgeajrha@gmail.com",
      "address_line_1": "sas",
      "address_line_2": "sas2",
      "state": "quiche",
      "city": "quiche",
      "country": "guatemala",
      "order_note": "sdf",
      "order_total": 2.04,
      "impuesto": 0.04,
      "status": "New",
      "ip": "127.0.0.1",
      "is_ordered": false,
      "created_at": "2021-10-14T22:45:49.271Z",
      "updated_at": "2021-10-14T22:45:49.271Z"
    }
  },
  {
    "model": "orders.order",
    "pk": 23,
    "fields": {
      "user": 1,
      "payment": null,
      "order_number": "00210000:00:0023",
      "first_name": "Ricardo",
      "last_name": "Hernndez",
      "phone": "45127845",
      "email": "jorgeajrha@gmail.com",
      "address_line_1": "sas",
      "address_line_2": "sas2",
      "state": "quiche",
      "city": "quiche",
      "country": "guatemala",
      "order_note": "sdf",
      "order_total": 2.04,
      "impuesto": 0.04,
      "status": "New",
      "ip": "127.0.0.1",
      "is_ordered": false,
      "created_at": "2021-10-14T22:45:57.035Z",
      "updated_at": "2021-10-14T22:45:57.035Z"
    }
  },
  {
    "model": "orders.order",
    "pk": 24,
    "fields": {
      "user": 1,
      "payment": null,
      "order_number": "00210000:00:0024",
      "first_name": "Ricardo",
      "last_name": "Hernndez",
      "phone": "45127845",
      "email": "jorgeajrha@gmail.com",
      "address_line_1": "sas",
      "address_line_2": "sas2",
      "state": "quiche",
      "city": "quiche",
      "country": "guatemala",
      "order_note": "sdf",
      "order_total": 2.04,
      "impuesto": 0.04,
      "status": "New",
      "ip": "127.0.0.1",
      "is_ordered": false,
      "created_at": "2021-10-14T22:46:18.154Z",
      "updated_at": "2021-10-14T22:46:18.154Z"
    }
  },
  {
    "model": "orders.order",
    "pk": 25,
    "fields": {
      "user": 1,
      "payment": null,
      "order_number": "00210000:00:0025",
      "first_name": "Ricardo",
      "last_name": "Hernndez",
      "phone": "45127845",
      "email": "jorgeajrha@gmail.com",
      "address_line_1": "sas",
      "address_line_2": "sas2",
      "state": "quiche",
      "city": "quiche",
      "country": "guatemala",
      "order_note": "sdf",
      "order_total": 2.04,
      "impuesto": 0.04,
      "status": "New",
      "ip": "127.0.0.1",
      "is_ordered": false,
      "created_at": "2021-10-14T22:46:51.127Z",
      "updated_at": "2021-10-14T22:46:51.127Z"
    }
  },
  {
    "model": "orders.order",
    "pk": 26,
    "fields": {
      "user": 1,
      "payment": null,
      "order_number": "00210000:00:0026",
      "first_name": "Ricardo",
      "last_name": "Hernndez",
      "phone": "45127845",
      "email": "jorgeajrha@gmail.com",
      "address_line_1": "sas",
      "address_line_2": "sas2",
      "state": "quiche",
      "city": "quiche",
      "country": "guatemala",
      "order_note": "sdf",
      "order_total": 2.04,
      "impuesto": 0.04,
      "status": "New",
      "ip": "127.0.0.1",
      "is_ordered": false,
      "created_at": "2021-10-14T22:48:35.796Z",
      "updated_at": "2021-10-14T22:48:35.796Z"
    }
  },
  {
    "model": "orders.order",
    "pk": 27,
    "fields": {
      "user": 1,
      "payment": null,
      "order_number": "00210000:00:0027",
      "first_name": "Ricardo",
      "last_name": "Hernndez",
      "phone": "45127845",
      "email": "jorgeajrha@gmail.com",
      "address_line_1": "sas",
      "address_line_2": "sas2",
      "state": "quiche",
      "city": "quiche",
      "country": "guatemala",
      "order_note": "sdf",
      "order_total": 2.04,
      "impuesto": 0.04,
      "status": "New",
      "ip": "127.0.0.1",
      "is_ordered": false,
      "created_at": "2021-10-14T22:53:08.219Z",
      "updated_at": "2021-10-14T22:53:08.219Z"
    }
  },
  {
    "model": "orders.order",
    "pk": 28,
    "fields": {
      "user": 1,
      "payment": null,
      "order_number": "00210000:00:0028",
      "first_name": "Ricardo",
      "last_name": "Hernndez",
      "phone": "45127845",
      "email": "jorgeajrha@gmail.com",
      "address_line_1": "sas",
      "address_line_2": "sas2",
      "state": "quiche",
      "city": "quiche",
      "country": "guatemala",
      "order_note": "sdf",
      "order_total": 2.04,
      "impuesto": 0.04,
      "status": "New",
      "ip": "127.0.0.1",
      "is_ordered": false,
      "created_at": "2021-10-14T22:53:11.145Z",
      "updated_at": "2021-10-14T22:53:11.145Z"
    }
  },
  {
    "model": "orders.order",
    "pk": 29,
    "fields": {
      "user": 1,
      "payment": null,
      "order_number": "00210000:00:0029",
      "first_name": "Ricardo",
      "last_name": "Hernndez",
      "phone": "45127845",
      "email": "jorgeajrha@gmail.com",
      "address_line_1": "sas",
      "address_line_2": "sas2",
      "state": "quiche",
      "city": "quiche",
      "country": "guatemala",
      "order_note": "sdf",
      "order_total": 2.04,
      "impuesto": 0.04,
      "status": "New",
      "ip": "127.0.0.1",
      "is_ordered": false,
      "created_at": "2021-10-14T22:53:14.970Z",
      "updated_at": "2021-10-14T22:53:14.970Z"
    }
  },
  {
    "model": "orders.order",
    "pk": 30,
    "fields": {
      "user": 1,
      "payment": null,
      "order_number": "00210000:00:0030",
      "first_name": "Ricardo",
      "last_name": "Hernndez",
      "phone": "45127845",
      "email": "jorgeajrha@gmail.com",
      "address_line_1": "sas",
      "address_line_2": "sas2",
      "state": "quiche",
      "city": "quiche",
      "country": "guatemala",
      "order_note": "sdf",
      "order_total": 2.04,
      "impuesto": 0.04,
      "status": "New",
      "ip": "127.0.0.1",
      "is_ordered": false,
      "created_at": "2021-10-14T22:54:02.164Z",
      "updated_at": "2021-10-14T22:54:02.164Z"
    }
  },
  {
    "model": "orders.order",
    "pk": 31,
    "fields": {
      "user": 1,
      "payment": null,
      "order_number": "00210000:00:0031",
      "first_name": "Ricardo",
      "last_name": "Hernndez",
      "phone": "45127845",
      "email": "jorgeajrha@gmail.com",
      "address_line_1": "sas",
      "address_line_2": "sas2",
      "state": "quiche",
      "city": "quiche",
      "country": "guatemala",
      "order_note": "sdf",
      "order_total": 2.04,
      "impuesto": 0.04,
      "status": "New",
      "ip": "127.0.0.1",
      "is_ordered": false,
      "created_at": "2021-10-14T23:03:49.423Z",
      "updated_at": "2021-10-14T23:03:49.423Z"
    }
  },
  {
    "model": "orders.order",
    "pk": 32,
    "fields": {
      "user": 1,
      "payment": null,
      "order_number": "00210000:00:0032",
      "first_name": "Ricardo",
      "last_name": "Hernndez",
      "phone": "45127845",
      "email": "jorgeajrha@gmail.com",
      "address_line_1": "sas",
      "address_line_2": "sas2",
      "state": "quiche",
      "city": "quiche",
      "country": "guatemala",
      "order_note": "sdf",
      "order_total": 2.04,
      "impuesto": 0.04,
      "status": "New",
      "ip": "127.0.0.1",
      "is_ordered": false,
      "created_at": "2021-10-14T23:05:13.257Z",
      "updated_at": "2021-10-14T23:05:13.257Z"
    }
  },
  {
    "model": "orders.order",
    "pk": 33,
    "fields": {
      "user": 1,
      "payment": null,
      "order_number": "00210000:00:0033",
      "first_name": "Ricardo",
      "last_name": "Hernndez",
      "phone": "45127845",
      "email": "jorgeajrha@gmail.com",
      "address_line_1": "sas",
      "address_line_2": "sas2",
      "state": "quiche",
      "city": "quiche",
      "country": "guatemala",
      "order_note": "sdf",
      "order_total": 2.04,
      "impuesto": 0.04,
      "status": "New",
      "ip": "127.0.0.1",
      "is_ordered": false,
      "created_at": "2021-10-14T23:07:07.836Z",
      "updated_at": "2021-10-14T23:07:07.837Z"
    }
  },
  {
    "model": "orders.order",
    "pk": 34,
    "fields": {
      "user": 1,
      "payment": null,
      "order_number": "00210000:00:0034",
      "first_name": "Ricardo",
      "last_name": "Hernndez",
      "phone": "45127845",
      "email": "jorgeajrha@gmail.com",
      "address_line_1": "sas",
      "address_line_2": "sas2",
      "state": "quiche",
      "city": "quiche",
      "country": "guatemala",
      "order_note": "sdf",
      "order_total": 2.04,
      "impuesto": 0.04,
      "status": "New",
      "ip": "127.0.0.1",
      "is_ordered": false,
      "created_at": "2021-10-14T23:07:25.974Z",
      "updated_at": "2021-10-14T23:07:25.974Z"
    }
  },
  {
    "model": "orders.order",
    "pk": 35,
    "fields": {
      "user": 1,
      "payment": 1,
      "order_number": "00210000:00:0035",
      "first_name": "Ricardo",
      "last_name": "Hernndez",
      "phone": "45127845",
      "email": "jorgeajrha@gmail.com",
      "address_line_1": "sas",
      "address_line_2": "sas2",
      "state": "quiche",
      "city": "quiche",
      "country": "guatemala",
      "order_note": "sdf",
      "order_total": 2.04,
      "impuesto": 0.04,
      "status": "New",
      "ip": "127.0.0.1",
      "is_ordered": true,
      "created_at": "2021-10-14T23:07:48.155Z",
      "updated_at": "2021-10-14T23:07:48.155Z"
    }
  },
  {
    "model": "orders.order",
    "pk": 36,
    "fields": {
      "user": 1,
      "payment": null,
      "order_number": "00210000:00:0036",
      "first_name": "Ricardo",
      "last_name": "Hernndez",
      "phone": "45127845",
      "email": "jorgeajrha@gmail.com",
      "address_line_1": "sas",
      "address_line_2": "sas2",
      "state": "quiche",
      "city": "quiche",
      "country": "guatemala",
      "order_note": "sdf",
      "order_total": 0.306,
      "impuesto": 0.006,
      "status": "New",
      "ip": "127.0.0.1",
      "is_ordered": false,
      "created_at": "2021-10-14T23:34:49.798Z",
      "updated_at": "2021-10-14T23:34:49.799Z"
    }
  },
  {
    "model": "orders.order",
    "pk": 37,
    "fields": {
      "user": 1,
      "payment": null,
      "order_number": "00210000:00:0037",
      "first_name": "Ricardo",
      "last_name": "Hernndez",
      "phone": "45127845",
      "email": "jorgeajrha@gmail.com",
      "address_line_1": "sas",
      "address_line_2": "sas2",
      "state": "quiche",
      "city": "quiche",
      "country": "guatemala",
      "order_note": "sdf",
      "order_total": 0.306,
      "impuesto": 0.006,
      "status": "New",
      "ip": "127.0.0.1",
      "is_ordered": false,
      "created_at": "2021-10-14T23:35:16.636Z",
      "updated_at": "2021-10-14T23:35:16.636Z"
    }
  },
  {
    "model": "orders.order",
    "pk": 38,
    "fields": {
      "user": 1,
      "payment": null,
      "order_number": "00210000:00:0038",
      "first_name": "otro",
      "last_name": "Hernndez",
      "phone": "12312312",
      "email": "desarrolloweb248@gmail.com",
      "address_line_1": "sas",
      "address_line_2": "sas2",
      "state": "quiche",
      "city": "i",
      "country": "guatemala",
      "order_note": "sadf",
      "order_total": 0.051000000000000004,
      "impuesto": 0.001,
      "status": "New",
      "ip": "127.0.0.1",
      "is_ordered": false,
      "created_at": "2021-10-14T23:35:47.176Z",
      "updated_at": "2021-10-14T23:35:47.176Z"
    }
  },
  {
    "model": "orders.order",
    "pk": 39,
    "fields": {
      "user": 1,
      "payment": 2,
      "order_number": "00210000:00:0039",
      "first_name": "otro",
      "last_name": "Hernndez",
      "phone": "12312312",
      "email": "desarrolloweb248@gmail.com",
      "address_line_1": "sas",
      "address_line_2": "sas2",
      "state": "quiche",
      "city": "i",
      "country": "guatemala",
      "order_note": "sadf",
      "order_total": 1.02,
      "impuesto": 0.02,
      "status": "New",
      "ip": "127.0.0.1",
      "is_ordered": true,
      "created_at": "2021-10-14T23:36:53.419Z",
      "updated_at": "2021-10-14T23:36:53.419Z"
    }
  },
  {
    "model": "orders.order",
    "pk": 40,
    "fields": {
      "user": 1,
      "payment": 3,
      "order_number": "00210000:00:0040",
      "first_name": "Willy",
      "last_name": "Castillo",
      "phone": "2342",
      "email": "willi@gmail.com",
      "address_line_1": "willi",
      "address_line_2": "quice",
      "state": "Quiche",
      "city": "santa cruz del quiche",
      "country": "Guatemala",
      "order_note": "Deseo la mscara tal y como aparece en la imagen, para hombre adulto y no nio",
      "order_total": 2.04,
      "impuesto": 0.04,
      "status": "New",
      "ip": "127.0.0.1",
      "is_ordered": true,
      "created_at": "2021-10-14T23:45:16.602Z",
      "updated_at": "2021-10-14T23:45:16.602Z"
    }
  },
  {
    "model": "orders.order",
    "pk": 41,
    "fields": {
      "user": 1,
      "payment": 4,
      "order_number": "00210000:00:0041",
      "first_name": "Willy",
      "last_name": "Castillo",
      "phone": "2342",
      "email": "willi@gmail.com",
      "address_line_1": "willi",
      "address_line_2": "quice",
      "state": "Quiche",
      "city": "santa cruz del quiche",
      "country": "Guatemala",
      "order_note": "Deseo la mscara tal y como aparece en la imagen, para hombre adulto y no nio",
      "order_total": 2.04,
      "impuesto": 0.04,
      "status": "New",
      "ip": "127.0.0.1",
      "is_ordered": true,
      "created_at": "2021-10-14T23:50:51.318Z",
      "updated_at": "2021-10-14T23:50:51.318Z"
    }
  },
  {
    "model": "orders.order",
    "pk": 42,
    "fields": {
      "user": 1,
      "payment": null,
      "order_number": "00210000:00:0042",
      "first_name": "Ricardo",
      "last_name": "Hernndez",
      "phone": "45127845",
      "email": "desarrolloweb248@gmail.com",
      "address_line_1": "sas",
      "address_line_2": "quice",
      "state": "quiche",
      "city": "quiche",
      "country": "guatemala",
      "order_note": "Hola mundo",
      "order_total": 206.04,
      "impuesto": 4.04,
      "status": "New",
      "ip": "127.0.0.1",
      "is_ordered": false,
      "created_at": "2021-10-15T03:07:36.398Z",
      "updated_at": "2021-10-15T03:07:36.398Z"
    }
  },
  {
    "model": "orders.order",
    "pk": 43,
    "fields": {
      "user": 1,
      "payment": 5,
      "order_number": "00210000:00:0043",
      "first_name": "Jorge",
      "last_name": "Hernndez",
      "phone": "45127845",
      "email": "desarrolloweb248@gmail.com",
      "address_line_1": "sas",
      "address_line_2": "sas2",
      "state": "quiche",
      "city": "i",
      "country": "guatemala",
      "order_note": "afsdfs",
      "order_total": 206.04,
      "impuesto": 4.04,
      "status": "New",
      "ip": "127.0.0.1",
      "is_ordered": true,
      "created_at": "2021-10-15T19:38:59.559Z",
      "updated_at": "2021-10-15T19:38:59.559Z"
    }
  },
  {
    "model": "orders.order",
    "pk": 44,
    "fields": {
      "user": 1,
      "payment": 6,
      "order_number": "00210000:00:0044",
      "first_name": "Luigi",
      "last_name": "Luga",
      "phone": "2342",
      "email": "luigi@gmail.com",
      "address_line_1": "luigi",
      "address_line_2": "luigi",
      "state": "luigi",
      "city": "luigi",
      "country": "luigi",
      "order_note": "luigi descriptions",
      "order_total": 1.02,
      "impuesto": 0.02,
      "status": "New",
      "ip": "127.0.0.1",
      "is_ordered": true,
      "created_at": "2021-10-15T19:42:33.411Z",
      "updated_at": "2021-10-15T19:42:33.411Z"
    }
  },
  {
    "model": "orders.order",
    "pk": 45,
    "fields": {
      "user": 1,
      "payment": 7,
      "order_number": "00210000:00:0045",
      "first_name": "Luigi",
      "last_name": "Luigi",
      "phone": "234234",
      "email": "luigi@gmail.com",
      "address_line_1": "luigi bomba",
      "address_line_2": "bombino",
      "state": "bu",
      "city": "bombi",
      "country": "taga",
      "order_note": "Luigi bombi space",
      "order_total": 1.02,
      "impuesto": 0.02,
      "status": "New",
      "ip": "127.0.0.1",
      "is_ordered": true,
      "created_at": "2021-10-15T19:46:28.623Z",
      "updated_at": "2021-10-15T19:46:28.623Z"
    }
  },
  {
    "model": "orders.order",
    "pk": 46,
    "fields": {
      "user": 1,
      "payment": 8,
      "order_number": "00210000:00:0046",
      "first_name": "Luigi",
      "last_name": "Llamas",
      "phone": "12312",
      "email": "luigi@gmail.com",
      "address_line_1": "sdfsd",
      "address_line_2": "sfsdf",
      "state": "fsdfs",
      "city": "sdfsd",
      "country": "fdsfds",
      "order_note": "false description fsdfsdfsdfsdfsdfsdfsdfsdfsdfsdfsdfsd",
      "order_total": 1.02,
      "impuesto": 0.02,
      "status": "New",
      "ip": "127.0.0.1",
      "is_ordered": true,
      "created_at": "2021-10-15T19:50:12.067Z",
      "updated_at": "2021-10-15T19:50:12.067Z"
    }
  },
  {
    "model": "orders.order",
    "pk": 47,
    "fields": {
      "user": 1,
      "payment": 9,
      "order_number": "00210000:00:0047",
      "first_name": "Luigi",
      "last_name": "Bambino",
      "phone": "234234",
      "email": "bambino@gmail.com",
      "address_line_1": "address 1",
      "address_line_2": "address 2",
      "state": "roma",
      "city": "italia",
      "country": "italia",
      "order_note": "Quiero una pizza tamien!",
      "order_total": 2.04,
      "impuesto": 0.04,
      "status": "New",
      "ip": "127.0.0.1",
      "is_ordered": true,
      "created_at": "2021-10-15T20:36:25.069Z",
      "updated_at": "2021-10-15T20:36:25.069Z"
    }
  },
  {
    "model": "orders.order",
    "pk": 48,
    "fields": {
      "user": 1,
      "payment": null,
      "order_number": "00210000:00:0048",
      "first_name": "otro",
      "last_name": "Hernndez",
      "phone": "12312312",
      "email": "jorgeajrha@gmail.com",
      "address_line_1": "willi",
      "address_line_2": "quice",
      "state": "quiche",
      "city": "quiche",
      "country": "guatemala",
      "order_note": "sdfasdfsaf",
      "order_total": 204.0,
      "impuesto": 4.0,
      "status": "New",
      "ip": "127.0.0.1",
      "is_ordered": false,
      "created_at": "2021-10-15T23:58:03.513Z",
      "updated_at": "2021-10-15T23:58:03.513Z"
    }
  },
  {
    "model": "orders.order",
    "pk": 49,
    "fields": {
      "user": 1,
      "payment": 10,
      "order_number": "00210000:00:0049",
      "first_name": "otro",
      "last_name": "Hernndez",
      "phone": "12312312",
      "email": "jorgeajrha@gmail.com",
      "address_line_1": "willi",
      "address_line_2": "quice",
      "state": "quiche",
      "city": "quiche",
      "country": "guatemala",
      "order_note": "sdfasdfsaf",
      "order_total": 1.02,
      "impuesto": 0.02,
      "status": "New",
      "ip": "127.0.0.1",
      "is_ordered": true,
      "created_at": "2021-10-15T23:58:34.307Z",
      "updated_at": "2021-10-15T23:58:34.307Z"
    }
  },
  {
    "model": "orders.order",
    "pk": 50,
    "fields": {
      "user": 1,
      "payment": null,
      "order_number": "00210000:00:0050",
      "first_name": "Rychya",
      "last_name": "Hernandez",
      "phone": "2342343",
      "email": "jorgeajrha@gmail.com",
      "address_line_1": "efasdlkfkasdfm",
      "address_line_2": "qaslfkjasdlkf",
      "state": "sdlkfjasdkf",
      "city": "aeslfkjasdlkf",
      "country": "asfjhasdkjf",
      "order_note": "asdlkhfaskldjhfkljasdhfkljasdhfkjasdfh",
      "order_total": 5.1,
      "impuesto": 0.1,
      "status": "New",
      "ip": "127.0.0.1",
      "is_ordered": false,
      "created_at": "2021-10-16T15:49:30.914Z",
      "updated_at": "2021-10-16T15:49:30.914Z"
    }
  },
  {
    "model": "orders.order",
    "pk": 51,
    "fields": {
      "user": 1,
      "payment": 11,
      "order_number": "00210000:00:0051",
      "first_name": "RYCHY",
      "last_name": "Hernndez",
      "phone": "234234",
      "email": "jorgeajrha@gmail.com",
      "address_line_1": "sas",
      "address_line_2": "sas",
      "state": "sdfsad",
      "city": "ssad",
      "country": "sdfsad",
      "order_note": "sadfasdflsadkjfasdkjlfhaskdjfnasdjkflkjs",
      "order_total": 3.06,
      "impuesto": 0.06,
      "status": "New",
      "ip": "127.0.0.1",
      "is_ordered": true,
      "created_at": "2021-10-16T15:58:13.694Z",
      "updated_at": "2021-10-16T15:58:13.694Z"
    }
  },
  {
    "model": "orders.order",
    "pk": 52,
    "fields": {
      "user": 1,
      "payment": 12,
      "order_number": "00210000:00:0052",
      "first_name": "Rychy",
      "last_name": "Hernanandez",
      "phone": "232423",
      "email": "jorgeajrha@gmail.com",
      "address_line_1": "quiche",
      "address_line_2": "quiche",
      "state": "quiche",
      "city": "quiche",
      "country": "quiche",
      "order_note": "ajadsf",
      "order_total": 3.06,
      "impuesto": 0.06,
      "status": "New",
      "ip": "127.0.0.1",
      "is_ordered": true,
      "created_at": "2021-10-19T00:39:38.764Z",
      "updated_at": "2021-10-19T00:39:38.764Z"
    }
  },
  {
    "model": "orders.orderproduct",
    "pk": 1,
    "fields": {
      "order": 39,
      "payment": 2,
      "product": 1,
      "user": 1,
      "quantity": 1,
      "product_price": 1.0,
      "ordered": true,
      "created_at": "2021-10-14T23:37:14.405Z",
      "updated_at": "2021-10-14T23:37:14.405Z",
      "variation": []
    }
  },
  {
    "model": "orders.orderproduct",
    "pk": 2,
    "fields": {
      "order": 40,
      "payment": 3,
      "product": 1,
      "user": 1,
      "quantity": 1,
      "product_price": 1.0,
      "ordered": true,
      "created_at": "2021-10-14T23:45:34.124Z",
      "updated_at": "2021-10-14T23:45:34.124Z",
      "variation": []
    }
  },
  {
    "model": "orders.orderproduct",
    "pk": 3,
    "fields": {
      "order": 40,
      "payment": 3,
      "product": 3,
      "user": 1,
      "quantity": 1,
      "product_price": 1.0,
      "ordered": true,
      "created_at": "2021-10-14T23:45:34.207Z",
      "updated_at": "2021-10-14T23:45:34.207Z",
      "variation": []
    }
  },
  {
    "model": "orders.orderproduct",
    "pk": 4,
    "fields": {
      "order": 41,
      "payment": 4,
      "product": 1,
      "user": 1,
      "quantity": 1,
      "product_price": 1.0,
      "ordered": true,
      "created_at": "2021-10-14T23:51:09.667Z",
      "updated_at": "2021-10-14T23:51:09.842Z",
      "variation": [7, 8]
    }
  },
  {
    "model": "orders.orderproduct",
    "pk": 5,
    "fields": {
      "order": 41,
      "payment": 4,
      "product": 3,
      "user": 1,
      "quantity": 1,
      "product_price": 1.0,
      "ordered": true,
      "created_at": "2021-10-14T23:51:09.932Z",
      "updated_at": "2021-10-14T23:51:10.098Z",
      "variation": [2, 5]
    }
  },
  {
    "model": "orders.orderproduct",
    "pk": 6,
    "fields": {
      "order": 43,
      "payment": 5,
      "product": 1,
      "user": 1,
      "quantity": 1,
      "product_price": 1.0,
      "ordered": true,
      "created_at": "2021-10-15T19:39:20.506Z",
      "updated_at": "2021-10-15T19:39:20.744Z",
      "variation": [7, 8]
    }
  },
  {
    "model": "orders.orderproduct",
    "pk": 7,
    "fields": {
      "order": 43,
      "payment": 5,
      "product": 3,
      "user": 1,
      "quantity": 1,
      "product_price": 1.0,
      "ordered": true,
      "created_at": "2021-10-15T19:39:20.931Z",
      "updated_at": "2021-10-15T19:39:21.119Z",
      "variation": [2, 5]
    }
  },
  {
    "model": "orders.orderproduct",
    "pk": 8,
    "fields": {
      "order": 43,
      "payment": 5,
      "product": 13,
      "user": 1,
      "quantity": 1,
      "product_price": 200.0,
      "ordered": true,
      "created_at": "2021-10-15T19:39:21.291Z",
      "updated_at": "2021-10-15T19:39:21.463Z",
      "variation": [15, 16]
    }
  },
  {
    "model": "orders.orderproduct",
    "pk": 9,
    "fields": {
      "order": 44,
      "payment": 6,
      "product": 1,
      "user": 1,
      "quantity": 1,
      "product_price": 1.0,
      "ordered": true,
      "created_at": "2021-10-15T19:42:48.332Z",
      "updated_at": "2021-10-15T19:42:48.647Z",
      "variation": [7, 8]
    }
  },
  {
    "model": "orders.orderproduct",
    "pk": 10,
    "fields": {
      "order": 45,
      "payment": 7,
      "product": 1,
      "user": 1,
      "quantity": 1,
      "product_price": 1.0,
      "ordered": true,
      "created_at": "2021-10-15T19:46:47.712Z",
      "updated_at": "2021-10-15T19:46:47.974Z",
      "variation": [7, 8]
    }
  },
  {
    "model": "orders.orderproduct",
    "pk": 11,
    "fields": {
      "order": 46,
      "payment": 8,
      "product": 1,
      "user": 1,
      "quantity": 1,
      "product_price": 1.0,
      "ordered": true,
      "created_at": "2021-10-15T19:50:37.250Z",
      "updated_at": "2021-10-15T19:50:37.411Z",
      "variation": [7, 8]
    }
  },
  {
    "model": "orders.orderproduct",
    "pk": 12,
    "fields": {
      "order": 47,
      "payment": 9,
      "product": 1,
      "user": 1,
      "quantity": 1,
      "product_price": 1.0,
      "ordered": true,
      "created_at": "2021-10-15T20:36:44.133Z",
      "updated_at": "2021-10-15T20:36:44.319Z",
      "variation": [7, 8]
    }
  },
  {
    "model": "orders.orderproduct",
    "pk": 13,
    "fields": {
      "order": 47,
      "payment": 9,
      "product": 3,
      "user": 1,
      "quantity": 1,
      "product_price": 1.0,
      "ordered": true,
      "created_at": "2021-10-15T20:36:44.492Z",
      "updated_at": "2021-10-15T20:36:44.665Z",
      "variation": [1, 4]
    }
  },
  {
    "model": "orders.orderproduct",
    "pk": 14,
    "fields": {
      "order": 49,
      "payment": 10,
      "product": 13,
      "user": 1,
      "quantity": 1,
      "product_price": 1.0,
      "ordered": true,
      "created_at": "2021-10-15T23:58:47.642Z",
      "updated_at": "2021-10-15T23:58:47.907Z",
      "variation": [14, 15]
    }
  },
  {
    "model": "orders.orderproduct",
    "pk": 15,
    "fields": {
      "order": 51,
      "payment": 11,
      "product": 3,
      "user": 1,
      "quantity": 1,
      "product_price": 1.0,
      "ordered": true,
      "created_at": "2021-10-16T15:58:44.288Z",
      "updated_at": "2021-10-16T15:58:44.474Z",
      "variation": [1, 4]
    }
  },
  {
    "model": "orders.orderproduct",
    "pk": 16,
    "fields": {
      "order": 51,
      "payment": 11,
      "product": 1,
      "user": 1,
      "quantity": 2,
      "product_price": 1.0,
      "ordered": true,
      "created_at": "2021-10-16T15:58:44.645Z",
      "updated_at": "2021-10-16T15:58:44.814Z",
      "variation": [7, 8]
    }
  },
  {
    "model": "orders.orderproduct",
    "pk": 17,
    "fields": {
      "order": 52,
      "payment": 12,
      "product": 1,
      "user": 1,
      "quantity": 1,
      "product_price": 1.0,
      "ordered": true,
      "created_at": "2021-10-19T00:39:59.526Z",
      "updated_at": "2021-10-19T00:39:59.722Z",
      "variation": [7, 8]
    }
  },
  {
    "model": "orders.orderproduct",
    "pk": 18,
    "fields": {
      "order": 52,
      "payment": 12,
      "product": 13,
      "user": 1,
      "quantity": 1,
      "product_price": 1.0,
      "ordered": true,
      "created_at": "2021-10-19T00:39:59.895Z",
      "updated_at": "2021-10-19T00:40:00.063Z",
      "variation": [13, 15]
    }
  },
  {
    "model": "orders.orderproduct",
    "pk": 19,
    "fields": {
      "order": 52,
      "payment": 12,
      "product": 3,
      "user": 1,
      "quantity": 1,
      "product_price": 1.0,
      "ordered": true,
      "created_at": "2021-10-19T00:40:00.235Z",
      "updated_at": "2021-10-19T00:40:00.403Z",
      "variation": [2, 4]
    }
  },
  {
    "model": "admin_honeypot.loginattempt",
    "pk": 1,
    "fields": {
      "username": "jorgeajrha@gmail.com",
      "ip_address": "127.0.0.1",
      "session_key": "crnqiqjcr2gb6apboun0jv6tyw8rdq4d",
      "user_agent": "Mozilla/5.0 (Windows NT 10.0; Win64; x64) AppleWebKit/537.36 (KHTML, like Gecko) Chrome/94.0.4606.81 Safari/537.36",
      "timestamp": "2021-10-22T02:42:58.322Z",
      "path": "/admin/login/?next=/admin/"
    }
  },
  {
    "model": "admin_honeypot.loginattempt",
    "pk": 2,
    "fields": {
      "username": "jorgeajrha@gmail.com",
      "ip_address": "127.0.0.1",
      "session_key": "crnqiqjcr2gb6apboun0jv6tyw8rdq4d",
      "user_agent": "Mozilla/5.0 (Windows NT 10.0; Win64; x64) AppleWebKit/537.36 (KHTML, like Gecko) Chrome/94.0.4606.81 Safari/537.36",
      "timestamp": "2021-10-22T02:43:03.387Z",
      "path": "/admin/login/?next=/admin/"
    }
  },
  {
    "model": "admin_honeypot.loginattempt",
    "pk": 3,
    "fields": {
      "username": "jorgeajrha@gmail.com",
      "ip_address": "127.0.0.1",
      "session_key": "crnqiqjcr2gb6apboun0jv6tyw8rdq4d",
      "user_agent": "Mozilla/5.0 (Windows NT 10.0; Win64; x64) AppleWebKit/537.36 (KHTML, like Gecko) Chrome/94.0.4606.81 Safari/537.36",
      "timestamp": "2021-10-22T02:43:06.244Z",
      "path": "/admin/login/?next=/admin/"
    }
  },
  {
    "model": "admin_honeypot.loginattempt",
    "pk": 4,
    "fields": {
      "username": "asdfasdf",
      "ip_address": "127.0.0.1",
      "session_key": "crnqiqjcr2gb6apboun0jv6tyw8rdq4d",
      "user_agent": "Mozilla/5.0 (Windows NT 10.0; Win64; x64) AppleWebKit/537.36 (KHTML, like Gecko) Chrome/94.0.4606.81 Safari/537.36",
      "timestamp": "2021-10-22T02:43:09.142Z",
      "path": "/admin/login/?next=/admin/"
    }
  }
]
